value_order;code;label;value
500;PROFESSION_1_1;accoucheuse auxiliaire - matrone;accoucheuse auxiliaire - matrone
500;PROFESSION_1_2;acheteur de produits;acheteur de produits
500;PROFESSION_1_3;acteur(rice);acteur(rice)
500;PROFESSION_1_4;actuaire;actuaire
500;PROFESSION_1_5;adjoint(e) administratif(ive);adjoint(e) administratif(ive)
500;PROFESSION_1_6;adjoint(e) technique des B.T.P.;adjoint(e) technique des B.T.P.
500;PROFESSION_1_7;adjoint(e) technique des industries;adjoint(e) technique des industries
500;PROFESSION_1_8;adjoint(e) technique des mines;adjoint(e) technique des mines
500;PROFESSION_1_9;adjoint(e) technique;adjoint(e) technique
500;PROFESSION_1_10;adjudant(e);adjudant(e)
500;PROFESSION_1_11;adjudant(e)-chef;adjudant(e)-chef
500;PROFESSION_1_12;administrateur(rice) de société;administrateur(rice) de société
500;PROFESSION_1_13;administrateur(rice) civil;administrateur(rice) civil
500;PROFESSION_1_14;administrateur(rice) des affaires culturelles;administrateur(rice) des affaires culturelles
500;PROFESSION_1_15;administrateur(rice) des postes et télécommunications;administrateur(rice) des postes et télécommunications
500;PROFESSION_1_16;cadre administratif(ve) et financier(e);cadre administratif(ve) et financier(e)
500;PROFESSION_1_17;administrateur(rice) des services fiscaux;administrateur(rice) des services fiscaux
500;PROFESSION_1_18;administrateur(rice) et attachés des hôpitaux;administrateur(rice) et attachés des hôpitaux
500;PROFESSION_1_19;administrateur(rice), gérant(e) d'entreprise;administrateur(rice), gérant(e) d'entreprise
500;PROFESSION_1_20;agent(e) commercial(e);agent(e) commercial(e)
500;PROFESSION_1_21;agent(e) d'approvisionnement;agent(e) d'approvisionnement
500;PROFESSION_1_22;agent(e) d'assurance;agent(e) d'assurance
500;PROFESSION_1_23;agent(e) de bureau;agent(e) de bureau
500;PROFESSION_1_24;agent(e) de change;agent(e) de change
500;PROFESSION_1_25;agent de dédouanement;agent de dédouanement
500;PROFESSION_1_26;agent(e) de douane;agent(e) de douane
500;PROFESSION_1_27;agent(e) des mines;agent(e) des mines
500;PROFESSION_1_28;agent de maitrise de l'information;agent de maitrise de l'information
500;PROFESSION_1_29;agent de police;agent de police
500;PROFESSION_1_30;agent de relevé de compteur;agent de relevé de compteur
500;PROFESSION_1_31;agent(e) de saisie;agent(e) de saisie
500;PROFESSION_1_32;agent(e) de santé;agent(e) de santé
500;PROFESSION_1_33;agent de vidange de fosses et puisards;agent de vidange de fosses et puisards
500;PROFESSION_1_34;agent(e) de voyage;agent(e) de voyage
500;PROFESSION_1_35;agent(e) d'entretien;agent(e) d'entretien
500;PROFESSION_1_36;agent(e) d'hygiène;agent(e) d'hygiène
500;PROFESSION_1_37;agent(e) immobilier(e);agent(e) immobilier(e)
500;PROFESSION_1_38;agent itinérant de santé;agent itinérant de santé
500;PROFESSION_1_39;agent(e) maritime;agent(e) maritime
500;PROFESSION_1_40;agent(e) technique;agent(e) technique
500;PROFESSION_1_41;agent(e) de service technique;agent(e) de service technique
500;PROFESSION_1_42;agent(e) administratif;agent(e) administratif
500;PROFESSION_1_43;agents concessionnaires;agents concessionnaires
500;PROFESSION_1_44;agents de collecte de données statistiques;agents de collecte de données statistiques
500;PROFESSION_1_45;agents de pompes funèbres et embaumeurs;agents de pompes funèbres et embaumeurs
500;PROFESSION_1_46;agents d'emploi et de recrutement de main-d’œuvre;agents d'emploi et de recrutement de main-d’œuvre
500;PROFESSION_1_47;agents des services publics accordant des licences;agents des services publics accordant des licences
500;PROFESSION_1_48;agents des services publics accordant des prestations sociales;agents des services publics accordant des prestations sociales
500;PROFESSION_1_49;agriculteur de cultures vivrières à but commercial;agriculteur de cultures vivrières à but commercial
500;PROFESSION_1_50;agriculteur de cultures vivrières pour subsistance;agriculteur de cultures vivrières pour subsistance
500;PROFESSION_1_51;éleveur d'animaux de bétail pour subsistance;éleveur d'animaux de bétail pour subsistance
500;PROFESSION_1_52;éleveur de volailles pour subsistance;éleveur de volailles pour subsistance
500;PROFESSION_1_53;agriculteurs de cultures commerciales;agriculteurs de cultures commerciales
500;PROFESSION_1_54;aide carreleur;aide carreleur
500;PROFESSION_1_55;aide-comptable;aide-comptable
500;PROFESSION_1_56;aide électricien;aide électricien
500;PROFESSION_1_57;aide infirmier(e);aide infirmier(e)
500;PROFESSION_1_58;aide maçon;aide maçon
500;PROFESSION_1_59;aide menuisier bâtiment;aide menuisier bâtiment
500;PROFESSION_1_60;aide plombier;aide plombier
500;PROFESSION_1_61;aide social(e);aide social(e)
500;PROFESSION_1_62;aide vendeur(se);aide vendeur(se)
500;PROFESSION_1_63;aide-laborantin(e);aide-laborantin(e)
500;PROFESSION_1_64;aides-enseignants(es);aides-enseignants(es)
500;PROFESSION_1_65;aiguilleur(se);aiguilleur(se)
500;PROFESSION_1_66;allergologue;allergologue
500;PROFESSION_1_67;ambassadeur(rice);ambassadeur(rice)
500;PROFESSION_1_68;ambulancier(ere);ambulancier(ere)
500;PROFESSION_1_69;amiral(e);amiral(e)
500;PROFESSION_1_70;analyste programmeur;analyste programmeur
500;PROFESSION_1_71;analyste financier;analyste financier
500;PROFESSION_1_72;anatomiste;anatomiste
500;PROFESSION_1_73;animateur(rice) rural(e);animateur(rice) rural(e)
500;PROFESSION_1_74;animateur(rice) communautaire;animateur(rice) communautaire
500;PROFESSION_1_75;anthropologue;anthropologue
500;PROFESSION_1_76;apiculteur;apiculteur
500;PROFESSION_1_77;arbitre professionnel;arbitre professionnel
500;PROFESSION_1_78;arboriculteurs(rices);arboriculteurs(rices)
500;PROFESSION_1_79;archéologue;archéologue
500;PROFESSION_1_80;archevêque;archevêque
500;PROFESSION_1_81;architecte;architecte
500;PROFESSION_1_82;architectes paysagistes;architectes paysagistes
500;PROFESSION_1_83;archiviste;archiviste
500;PROFESSION_1_84;armurier;armurier
500;PROFESSION_1_85;artisan(e) d'article en bois;artisan(e) d'article en bois
500;PROFESSION_1_86;artisan(e) tressage de corbeille;artisan(e) tressage de corbeille
500;PROFESSION_1_87;artiste dessinateur(rice);artiste dessinateur(rice)
500;PROFESSION_1_88;artiste peintre;artiste peintre
500;PROFESSION_1_89;assistant(e) APVA;assistant(e) APVA
500;PROFESSION_1_90;assistant(e) administratif;assistant(e) administratif
500;PROFESSION_1_91;assistant(e) comptable;assistant(e) comptable
500;PROFESSION_1_92;assistant(e) sanitaire;assistant(e) sanitaire
500;PROFESSION_1_93;assistant(e) dentiste;assistant(e) dentiste
500;PROFESSION_1_94;docteur en économie;docteur en économie
500;PROFESSION_1_95;agent(e) spécialisé(e);agent(e) spécialisé(e)
500;PROFESSION_1_96;assistant(e) de fret;assistant(e) de fret
500;PROFESSION_1_97;assistant(e) des pva;assistant(e) des pva
500;PROFESSION_1_98;assistant(e) médical(e);assistant(e) médical(e)
500;PROFESSION_1_99;assistant(e) de PVA;assistant(e) de PVA
500;PROFESSION_1_100;assistant(e) météo;assistant(e) météo
500;PROFESSION_1_101;assistant(e) en pharmacie;assistant(e) en pharmacie
500;PROFESSION_1_102;assistant(e) social(e);assistant(e) social(e)
500;PROFESSION_1_103;assistant(e) PVA;assistant(e) PVA
500;PROFESSION_1_104;assistant(e) vétérinaire;assistant(e) vétérinaire
500;PROFESSION_1_105;astrologue;astrologue
500;PROFESSION_1_106;attache(e) administratif(ve);attache(e) administratif(ve)
500;PROFESSION_1_107;attache(e) d'intendance;attache(e) d'intendance
500;PROFESSION_1_108;audiologiste;audiologiste
500;PROFESSION_1_109;auteur compositeur;auteur compositeur
500;PROFESSION_1_129;personnel de service;personnel de service
500;PROFESSION_1_141;cadre infirmier(e);cadre infirmier(e)
500;PROFESSION_1_149;employé(e) administratif(ve);employé(e) administratif(ve)
500;PROFESSION_1_182;avocat(e);avocat(e)
500;PROFESSION_1_184;baby-sitter;baby-sitter
500;PROFESSION_1_185;bactériologiste;bactériologiste
500;PROFESSION_1_186;balayeur(se);balayeur(se)
500;PROFESSION_1_187;barbier;barbier
500;PROFESSION_1_188;barman;barman
500;PROFESSION_1_189;batelier;batelier
500;PROFESSION_1_190;berger(e) - garde-animaux;berger(e) - garde-animaux
500;PROFESSION_1_191;bibliothécaire;bibliothécaire
500;PROFESSION_1_192;documentalistes;documentalistes
500;PROFESSION_1_193;bijoutier, joaillier, orfèvre;bijoutier, joaillier, orfèvre
500;PROFESSION_1_194;billeteur(se);billeteur(se)
500;PROFESSION_1_195;biochimiste;biochimiste
500;PROFESSION_1_196;biographe;biographe
500;PROFESSION_1_197;biologiste;biologiste
500;PROFESSION_1_198;biophysicien(ne);biophysicien(ne)
500;PROFESSION_1_199;blanchisseur;blanchisseur
500;PROFESSION_1_200;botaniste;botaniste
500;PROFESSION_1_201;boucher(e);boucher(e)
500;PROFESSION_1_202;boulanger(e);boulanger(e)
500;PROFESSION_1_203;boutefeux;boutefeux
500;PROFESSION_1_204;boutiquier(e);boutiquier(e)
500;PROFESSION_1_206;non applicable;non applicable
500;PROFESSION_1_207;brigadier(e);brigadier(e)
500;PROFESSION_1_208;brigadier(e) chef;brigadier(e) chef
500;PROFESSION_1_209;brodeur(se);brodeur(se)
500;PROFESSION_1_210;bucheron(ne);bucheron(ne)
500;PROFESSION_1_211;cadre comptable;cadre comptable
500;PROFESSION_1_212;cadre moyen de la documentation;cadre moyen de la documentation
500;PROFESSION_1_213;cadre subalterne des affaires économiques;cadre subalterne des affaires économiques
500;PROFESSION_1_214;animateur(rice) télé;animateur(rice) télé
500;PROFESSION_1_215;cadre subalterne des transmissions météo;cadre subalterne des transmissions météo
500;PROFESSION_1_216;cadre financier(e);cadre financier(e)
500;PROFESSION_1_217;cadre supérieur(e) des affaires étrangères;cadre supérieur(e) des affaires étrangères
500;PROFESSION_1_218;cadre supérieur(e) de partie politique;cadre supérieur(e) de partie politique
500;PROFESSION_1_219;cadre supérieur(e) de banque;cadre supérieur(e) de banque
500;PROFESSION_1_220;cadre supérieur(e) des affaires économiques;cadre supérieur(e) des affaires économiques
500;PROFESSION_1_221;cadre d'assurance;cadre d'assurance
500;PROFESSION_1_222;cadre supérieur(e) d'organisation d'employeurs;cadre supérieur(e) d'organisation d'employeurs
500;PROFESSION_1_223;cadre supérieur(e);cadre supérieur(e)
500;PROFESSION_1_224;cadre commercial(e);cadre commercial(e)
500;PROFESSION_1_225;cadres supérieurs(es) des services hôteliers;cadres supérieurs(es) des services hôteliers
500;PROFESSION_1_226;auxiliaire caissier(e);auxiliaire caissier(e)
500;PROFESSION_1_227;cameraman;cameraman
500;PROFESSION_1_228;capitaine;capitaine
500;PROFESSION_1_229;capitaine de corvette;capitaine de corvette
500;PROFESSION_1_230;capitaine de frégate;capitaine de frégate
500;PROFESSION_1_231;capitaine de vaisseau;capitaine de vaisseau
500;PROFESSION_1_232;caporal(e);caporal(e)
500;PROFESSION_1_233;caporal(e) -chef;caporal(e) -chef
500;PROFESSION_1_234;carreleur(se);carreleur(se)
500;PROFESSION_1_235;cartographe;cartographe
500;PROFESSION_1_236;censeur;censeur
500;PROFESSION_1_238;charbonnier(e);charbonnier(e)
500;PROFESSION_1_239;charcutier(e);charcutier(e)
500;PROFESSION_1_240;chargé(e) d'affaires;chargé(e) d'affaires
500;PROFESSION_1_241;chargé(e) de cours, université;chargé(e) de cours, université
500;PROFESSION_1_242;charlatan;charlatan
500;PROFESSION_1_243;charpentier(e);charpentier(e)
500;PROFESSION_1_245;charretier(e) d'usine;charretier(e) d'usine
500;PROFESSION_1_246;chasseur(se);chasseur(se)
500;PROFESSION_1_247;chasseur(euse) de subsistance;chasseur(euse) de subsistance
500;PROFESSION_1_248;chaudronnier(e);chaudronnier(e)
500;PROFESSION_1_249;chauffeur de machines à vapeur et de chaudières;chauffeur de machines à vapeur et de chaudières
500;PROFESSION_1_250;chauffeur de particuliers;chauffeur de particuliers
500;PROFESSION_1_251;chauffeur de taxi;chauffeur de taxi
500;PROFESSION_1_252;chauffeur d'entreprise;chauffeur d'entreprise
500;PROFESSION_1_254;chef(fe) comptable;chef(fe) comptable
500;PROFESSION_1_255;chef(fe) coutumier(e);chef(fe) coutumier(e)
500;PROFESSION_1_256;chef(fe) cuisinier(ve);chef(fe) cuisinier(ve)
500;PROFESSION_1_257;chef(fe) de chantier;chef(fe) de chantier
500;PROFESSION_1_258;chef(fe) de quart;chef(fe) de quart
500;PROFESSION_1_259;chef(fe) de train;chef(fe) de train
500;PROFESSION_1_260;chef(fe) du village;chef(fe) du village
500;PROFESSION_1_261;chef du gouvernement;chef du gouvernement
500;PROFESSION_1_262;cheminot;cheminot
500;PROFESSION_1_263;chercheur(euse);chercheur(euse)
500;PROFESSION_1_264;chirurgien(ne);chirurgien(ne)
500;PROFESSION_1_265;chorégraphe;chorégraphe
500;PROFESSION_1_266;chroniqueur(euse);chroniqueur(euse)
500;PROFESSION_1_267;cireur(euse);cireur(euse)
500;PROFESSION_1_268;classeur(euse) de produits non alimentaires;classeur(euse) de produits non alimentaires
500;PROFESSION_1_269;classeur-archiviste;classeur-archiviste
500;PROFESSION_1_270;climatologiste, climatologue;climatologiste, climatologue
500;PROFESSION_1_271;codeurs, correcteurs d'épreuves et assimilés;codeurs, correcteurs d'épreuves et assimilés
500;PROFESSION_1_272;coiffeur(euse);coiffeur(euse)
500;PROFESSION_1_273;collecteur d'impot;collecteur d'impot
500;PROFESSION_1_274;colonel;colonel
500;PROFESSION_1_275;colporteur(euse);colporteur(euse)
500;PROFESSION_1_276;commandant(e);commandant(e)
500;PROFESSION_1_277;commentateur(rice);commentateur(rice)
500;PROFESSION_1_279;commis au comptoir, restauration rapide;commis au comptoir, restauration rapide
500;PROFESSION_1_280;commis magasinier;commis magasinier
500;PROFESSION_1_281;commissaire de police;commissaire de police
500;PROFESSION_1_282;commissaire-priseur;commissaire-priseur
500;PROFESSION_1_283;compositeur(rice);compositeur(rice)
500;PROFESSION_1_284;compositeurs et préparateurs en forme imprimante et assimilés;compositeurs et préparateurs en forme imprimante et assimilés
500;PROFESSION_1_285;comptable;comptable
500;PROFESSION_1_286;webmaster;webmaster
500;PROFESSION_1_287;concepteur graphique, multimédia;concepteur graphique, multimédia
500;PROFESSION_1_288;concierge;concierge
500;PROFESSION_1_289;conducteur(rice);conducteur(rice)
500;PROFESSION_1_290;chef(fe) parc auto;chef(fe) parc auto
500;PROFESSION_1_291;conducteur(rice);conducteur(rice)
500;PROFESSION_1_295;conducteur(rice) de machine;conducteur(rice) de machine
500;PROFESSION_1_298;conducteur(rice) de machines;conducteur(rice) de machines
500;PROFESSION_1_311;conducteur(rice) de moto taxi;conducteur(rice) de moto taxi
500;PROFESSION_1_312;conducteur(rice) de train, locomotive;conducteur(rice) de train, locomotive
500;PROFESSION_1_313;conducteur(rice) de tramways;conducteur(rice) de tramways
500;PROFESSION_1_316;conducteur(rice) de vélo taxi;conducteur(rice) de vélo taxi
500;PROFESSION_1_317;conducteur(rice) d'engins;conducteur(rice) d'engins
500;PROFESSION_1_318;conducteur(rice) d'engins de chantier;conducteur(rice) d'engins de chantier
500;PROFESSION_1_319;conducteur(rice) d'engins de terrassement et de matériels similaires;conducteur(rice) d'engins de terrassement et de matériels similaires
500;PROFESSION_1_334;confiseur;confiseur
500;PROFESSION_1_335;conseiller(e) agricole;conseiller(e) agricole
500;PROFESSION_1_336;conseiller(e) commercial(e);conseiller(e) commercial(e)
500;PROFESSION_1_337;conseiller(e) cdv;conseiller(e) cdv
500;PROFESSION_1_338;conseiller(e) municipal(e);conseiller(e) municipal(e)
500;PROFESSION_1_339;conseiller(e) pédagogique;conseiller(e) pédagogique
500;PROFESSION_1_340;conseiller(e) financier(e);conseiller(e) financier(e)
500;PROFESSION_1_341;conservateur(rice);conservateur(rice)
500;PROFESSION_1_342;conserveurs de fruits, de légumes;conserveurs de fruits, de légumes
500;PROFESSION_1_343;consul général;consul général
500;PROFESSION_1_344;contre-amiral;contre-amiral
500;PROFESSION_1_345;contremaitre;contremaitre
500;PROFESSION_1_346;contrôleur - receveur des p et t;contrôleur - receveur des p et t
500;PROFESSION_1_347;contrôleur de la circulation aérienne;contrôleur de la circulation aérienne
500;PROFESSION_1_348;contrôleur de qualité;contrôleur de qualité
500;PROFESSION_1_349;contrôleur de transport public (train, bus, etc);contrôleur de transport public (train, bus, etc)
500;PROFESSION_1_350;contrôleur de travail;contrôleur de travail
500;PROFESSION_1_351;contrôleur des impôts;contrôleur des impôts
500;PROFESSION_1_352;contrôleur des prix;contrôleur des prix
500;PROFESSION_1_353;contrôleur des processus industriels, métallurgie;contrôleur des processus industriels, métallurgie
500;PROFESSION_1_354;contrôleur du trésor;contrôleur du trésor
500;PROFESSION_1_355;contrôleurs des douanes et des frontières;contrôleurs des douanes et des frontières
500;PROFESSION_1_356;contrôleurs des eaux et forets;contrôleurs des eaux et forets
500;PROFESSION_1_357;convoyeur(euse) de transport commun;convoyeur(euse) de transport commun
500;PROFESSION_1_358;élève cordonnier(e);élève cordonnier(e)
500;PROFESSION_1_359;correspondant(e) (presse, journaux, etc.);correspondant(e) (presse, journaux, etc.)
500;PROFESSION_1_360;coureur professionnel;coureur professionnel
500;PROFESSION_1_361;courtier(e) en assurances;courtier(e) en assurances
500;PROFESSION_1_362;courtier(e) immobilier;courtier(e) immobilier
500;PROFESSION_1_363;courtier(e) maritime;courtier(e) maritime
500;PROFESSION_1_364;courtier(e), bourse des valeurs;courtier(e), bourse des valeurs
500;PROFESSION_1_365;élève couturier(e);élève couturier(e)
500;PROFESSION_1_366;creuseur de puits, puisatier;creuseur de puits, puisatier
500;PROFESSION_1_367;criminologue;criminologue
500;PROFESSION_1_368;critique;critique
500;PROFESSION_1_369;croupier(e) et assimilé dans le secteur des jeux de hasard;croupier(e) et assimilé dans le secteur des jeux de hasard
500;PROFESSION_1_370;cuisinier(e);cuisinier(e)
500;PROFESSION_1_371;cuisinier;cuisinier
500;PROFESSION_1_372;cultivateur;cultivateur
500;PROFESSION_1_373;dactylographe;dactylographe
500;PROFESSION_1_374;danseur;danseur
500;PROFESSION_1_375;déclarant en douane;déclarant en douane
500;PROFESSION_1_376;dessinateur(rice) de modèle;dessinateur(rice) de modèle
500;PROFESSION_1_377;dégustateur(rice);dégustateur(rice)
500;PROFESSION_1_379;démographe;démographe
500;PROFESSION_1_380;démonstrateurs en magasin;démonstrateurs en magasin
500;PROFESSION_1_381;dentiste;dentiste
500;PROFESSION_1_382;dépanneur de poste récepteur radio et télévision;dépanneur de poste récepteur radio et télévision
500;PROFESSION_1_383;député(e), sénateur(rice);député(e), sénateur(rice)
500;PROFESSION_1_384;dermatologue;dermatologue
500;PROFESSION_1_385;dessinateur textile;dessinateur textile
500;PROFESSION_1_386;dessinateur;dessinateur
500;PROFESSION_1_388;diabétologue;diabétologue
500;PROFESSION_1_389;diacre;diacre
500;PROFESSION_1_391;diététicien(ne);diététicien(ne)
500;PROFESSION_1_392;directeur(rice) des btp # 130005;directeur(rice) des btp # 130005
500;PROFESSION_1_393;directeur(rice) (chef de division) # 111206;directeur(rice) (chef de division) # 111206
500;PROFESSION_1_417;chef(fe) d'entreprise;chef(fe) d'entreprise
500;PROFESSION_1_420;cadre de société;cadre de société
500;PROFESSION_1_426;distributeur de comprimes;distributeur de comprimes
500;PROFESSION_1_427;docker;docker
500;PROFESSION_1_428;documentaliste;documentaliste
500;PROFESSION_1_429;aide menagère;aide menagère
500;PROFESSION_1_430;ébéniste;ébéniste
500;PROFESSION_1_432;économiste;économiste
500;PROFESSION_1_433;écrivains publics et assimilés;écrivains publics et assimilés
500;PROFESSION_1_436;ingénieur électrotechnicien(ne);ingénieur électrotechnicien(ne)
500;PROFESSION_1_437;éleveur(euse) de bétail;éleveur(euse) de bétail
500;PROFESSION_1_438;éleveur(euse) de bovins, camelins, équins pour subsistance;éleveur(euse) de bovins, camelins, équins pour subsistance
500;PROFESSION_1_439;éleveur(euse) de volaille;éleveur(euse) de volaille
500;PROFESSION_1_440;éleveur(euse) des petits ruminants;éleveur(euse) des petits ruminants
500;PROFESSION_1_441;éleveur(euse) des rongeurs;éleveur(euse) des rongeurs
500;PROFESSION_1_442;éleveur(euse) et ouvriers qualifies de l'élevage commercial nca;éleveur(euse) et ouvriers qualifies de l'élevage commercial nca
500;PROFESSION_1_443;emballeur;emballeur
500;PROFESSION_1_444;employé(e) d'approvisionnement;employé(e) d'approvisionnement
500;PROFESSION_1_445;employé(e) de bibliothèque;employé(e) de bibliothèque
500;PROFESSION_1_446;employé(e) de service administratif;employé(e) de service administratif
500;PROFESSION_1_447;employé(e) du service du personnel;employé(e) du service du personnel
500;PROFESSION_1_448;employé(e) de service du courrier;employé(e) de service du courrier
500;PROFESSION_1_449;employé(e) du service d'ordonnancement de la production;employé(e) du service d'ordonnancement de la production
500;PROFESSION_1_450;employé(e), service d'information;employé(e), service d'information
500;PROFESSION_1_451;encadreur(euse) agricole;encadreur(euse) agricole
500;PROFESSION_1_452;encadreur(euse) d'enseignement religieux;encadreur(euse) d'enseignement religieux
500;PROFESSION_1_453;encaisseur de distributeur automatique à prépaiement;encaisseur de distributeur automatique à prépaiement
500;PROFESSION_1_454;encaisseur(euse) et assimilé;encaisseur(euse) et assimilé
500;PROFESSION_1_455;enseignant(e), éducation spéciale;enseignant(e), éducation spéciale
500;PROFESSION_1_456;entraineur(euse);entraineur(euse)
500;PROFESSION_1_457;entrepreneur, industriel;entrepreneur, industriel
500;PROFESSION_1_458;essayeur(euse) de produits;essayeur(euse) de produits
500;PROFESSION_1_459;estampeur;estampeur
500;PROFESSION_1_460;esthéticien(ne) et assimilé;esthéticien(ne) et assimilé
500;PROFESSION_1_461;ethnologue;ethnologue
500;PROFESSION_1_462;ethnomédecin;ethnomédecin
500;PROFESSION_1_463;expert(e)-comptable;expert(e)-comptable
500;PROFESSION_1_464;exploitant(e) de verger - pépiniériste;exploitant(e) de verger - pépiniériste
500;PROFESSION_1_465;exploitant(e) forestier(e);exploitant(e) forestier(e)
500;PROFESSION_1_466;fabricant de boisson locale (dolotiere);fabricant de boisson locale (dolotiere)
500;PROFESSION_1_467;facteur et accordeur d'instruments de musique;facteur et accordeur d'instruments de musique
500;PROFESSION_1_468;ferblantier(e);ferblantier(e)
500;PROFESSION_1_469;ferrailleur;ferrailleur
500;PROFESSION_1_470;fileuse de coton;fileuse de coton
500;PROFESSION_1_471;fonde(e) de pouvoir;fonde(e) de pouvoir
500;PROFESSION_1_472;footballeur(euse) professionnel(le);footballeur(euse) professionnel(le)
500;PROFESSION_1_473;foreur(euse) de puits;foreur(euse) de puits
500;PROFESSION_1_474;forgeron;forgeron
500;PROFESSION_1_476;fossoyeur;fossoyeur
500;PROFESSION_1_477;fumigateur;fumigateur
500;PROFESSION_1_478;fille de salle;fille de salle
500;PROFESSION_1_479;garçon, fille d'hôtel;garçon, fille d'hôtel
500;PROFESSION_1_480;coursier;coursier
500;PROFESSION_1_481;garde de corps;garde de corps
500;PROFESSION_1_482;gardien(ne) - veilleur de nuit;gardien(ne) - veilleur de nuit
500;PROFESSION_1_484;gargotier/dibitier;gargotier/dibitier
500;PROFESSION_1_485;garnisseur(euse) de rayons;garnisseur(euse) de rayons
500;PROFESSION_1_486;gendarme;gendarme
500;PROFESSION_1_487;général(e) d'armée;général(e) d'armée
500;PROFESSION_1_488;général(e) de brigade;général(e) de brigade
500;PROFESSION_1_489;général(e) de corps d'armée;général(e) de corps d'armée
500;PROFESSION_1_490;général(e) de division;général(e) de division
500;PROFESSION_1_491;géographe;géographe
500;PROFESSION_1_492;géomètre agréé(e);géomètre agréé(e)
500;PROFESSION_1_493;gérant(e) de commerce;gérant(e) de commerce
500;PROFESSION_1_494;gérant(e) hôtel, restaurant, commerce;gérant(e) hôtel, restaurant, commerce
500;PROFESSION_1_495;gestionnaire des hôpitaux;gestionnaire des hôpitaux
500;PROFESSION_1_496;gouvernant(e);gouvernant(e)
500;PROFESSION_1_497;gouverneur(e), haut commissaire;gouverneur(e), haut commissaire
500;PROFESSION_1_498;graphiste;graphiste
500;PROFESSION_1_499;graveurs(euse);graveurs(euse)
500;PROFESSION_1_500;gréeur, episseur de câbles;gréeur, episseur de câbles
500;PROFESSION_1_501;greffier;greffier
500;PROFESSION_1_502;guichetier;guichetier
500;PROFESSION_1_503;guide touristique;guide touristique
500;PROFESSION_1_504;gynécologue;gynécologue
500;PROFESSION_1_505;herboriste;herboriste
500;PROFESSION_1_506;historien(ne);historien(ne)
500;PROFESSION_1_507;horticulteur;horticulteur
500;PROFESSION_1_508;hôtesse;hôtesse
500;PROFESSION_1_509;huissier;huissier
500;PROFESSION_1_510;hygiéniste et spécialiste de la santé au travail;hygiéniste et spécialiste de la santé au travail
500;PROFESSION_1_512;imprimeur;imprimeur
500;PROFESSION_1_513;infirmier(e);infirmier(e)
500;PROFESSION_1_514;infirmier(e) d'état;infirmier(e) d'état
500;PROFESSION_1_516;infirmier(e) vétérinaire;infirmier(e) vétérinaire
500;PROFESSION_1_520;ingénieur agricole;ingénieur agricole
500;PROFESSION_1_521;ingénieur agronome;ingénieur agronome
500;PROFESSION_1_522;ingénieur(e) astronome;ingénieur(e) astronome
500;PROFESSION_1_523;ingénieur(e) chimiste;ingénieur(e) chimiste
500;PROFESSION_1_524;ingénieur btp;ingénieur btp
500;PROFESSION_1_525;ingénieur des mines;ingénieur des mines
500;PROFESSION_1_526;ingénieur réseau télécom;ingénieur réseau télécom
500;PROFESSION_1_527;ingénieur télécom;ingénieur télécom
500;PROFESSION_1_528;ingénieur électro mécanicien;ingénieur électro mécanicien
500;PROFESSION_1_529;ingénieur électronicien(ne);ingénieur électronicien(ne)
500;PROFESSION_1_530;ingénieur conseil;ingénieur conseil
500;PROFESSION_1_531;ingénieur forestier(e);ingénieur forestier(e)
500;PROFESSION_1_532;ingénieur frigoriste;ingénieur frigoriste
500;PROFESSION_1_533;ingénieur géologue;ingénieur géologue
500;PROFESSION_1_534;ingénieur(e) hydrologiste;ingénieur(e) hydrologiste
500;PROFESSION_1_535;ingénieur mécanicien(ne);ingénieur mécanicien(ne)
500;PROFESSION_1_536;ingénieur de son;ingénieur de son
500;PROFESSION_1_537;ingénieur météo;ingénieur météo
500;PROFESSION_1_538;ingénieur(e) naval;ingénieur(e) naval
500;PROFESSION_1_539;ingénieur(e) physicien;ingénieur(e) physicien
500;PROFESSION_1_540;ingénieur sanitaire;ingénieur sanitaire
500;PROFESSION_1_541;ingénieur(e) sidérurgiste;ingénieur(e) sidérurgiste
500;PROFESSION_1_542;ingénieur statisticien(ne);ingénieur statisticien(ne)
500;PROFESSION_1_543;ingénieur génie civil;ingénieur génie civil
500;PROFESSION_1_544;ingénieur génie rural;ingénieur génie rural
500;PROFESSION_1_545;ingénieurs(es) écologistes;ingénieurs(es) écologistes
500;PROFESSION_1_546;ingénieurs(es), ponts et chaussées;ingénieurs(es), ponts et chaussées
500;PROFESSION_1_547;inspecteur(e) de la jeunesse et des sports;inspecteur(e) de la jeunesse et des sports
500;PROFESSION_1_548;inspecteur(e) de police;inspecteur(e) de police
500;PROFESSION_1_549;inspecteur(e) d'enseignement;inspecteur(e) d'enseignement
500;PROFESSION_1_550;inspecteur(e) des affaires administratives;inspecteur(e) des affaires administratives
500;PROFESSION_1_551;inspecteur(e) des B.T.P.;inspecteur(e) des B.T.P.
500;PROFESSION_1_552;inspecteur(rice) de douane;inspecteur(rice) de douane
500;PROFESSION_1_553;inspecteur(e) des impôts;inspecteur(e) des impôts
500;PROFESSION_1_554;inspecteur(e) des industries manufacturées;inspecteur(e) des industries manufacturées
500;PROFESSION_1_555;inspecteur(e) des mines;inspecteur(e) des mines
500;PROFESSION_1_556;inspecteur(rice) d'éducation;inspecteur(rice) d'éducation
500;PROFESSION_1_557;inspecteur(e) du travail;inspecteur(e) du travail
500;PROFESSION_1_558;inspecteur(e) du trésor;inspecteur(e) du trésor
500;PROFESSION_1_559;inspecteur(e) mécanicien, marine marchande;inspecteur(e) mécanicien, marine marchande
500;PROFESSION_1_560;instructeur(e), navigation;instructeur(e), navigation
500;PROFESSION_1_561;intendant(e) des hôtels et d'autres établissements;intendant(e) des hôtels et d'autres établissements
500;PROFESSION_1_562;interprète;interprète
500;PROFESSION_1_563;intervieweurs, enquêtes et études de marche;intervieweurs, enquêtes et études de marche
500;PROFESSION_1_564;islamologue;islamologue
500;PROFESSION_1_565;jardinier(e);jardinier(e)
500;PROFESSION_1_567;disc jockey;disc jockey
500;PROFESSION_1_568;journaliste;journaliste
500;PROFESSION_1_569;juge;juge
500;PROFESSION_1_570;kinesithérapeute;kinesithérapeute
500;PROFESSION_1_571;laqueur;laqueur
500;PROFESSION_1_572;laveur(euse) ambulante;laveur(euse) ambulante
500;PROFESSION_1_574;libraire(e);libraire(e)
500;PROFESSION_1_575;lieutenant(e);lieutenant(e)
500;PROFESSION_1_576;lieutenant(e)-colonel;lieutenant(e)-colonel
500;PROFESSION_1_577;linguiste;linguiste
500;PROFESSION_1_578;livreur(euse), distributeur(euse);livreur(euse), distributeur(euse)
500;PROFESSION_1_579;lutteur(euse) professionnel(le);lutteur(euse) professionnel(le)
500;PROFESSION_1_580;maçon(ne);maçon(ne)
500;PROFESSION_1_581;magasinier(e);magasinier(e)
500;PROFESSION_1_583;maire;maire
500;PROFESSION_1_584;instituteur(rice);instituteur(rice)
500;PROFESSION_1_585;éducateur(rice) préscolaire;éducateur(rice) préscolaire
500;PROFESSION_1_586;infirmier(e) major;infirmier(e) major
500;PROFESSION_1_587;manageur sportif;manageur sportif
500;PROFESSION_1_588;mandataire de justice;mandataire de justice
500;PROFESSION_1_589;mannequins, modèles;mannequins, modèles
500;PROFESSION_1_590;manœuvre;manœuvre
500;PROFESSION_1_601;manutentionnaire;manutentionnaire
500;PROFESSION_1_602;marabout;marabout
500;PROFESSION_1_604;marbrier;marbrier
500;PROFESSION_1_605;marchand(e) de bois;marchand(e) de bois
500;PROFESSION_1_606;marin pêcheur;marin pêcheur
500;PROFESSION_1_607;maroquinier(e);maroquinier(e)
500;PROFESSION_1_608;masseur(se);masseur(se)
500;PROFESSION_1_609;matelassier(e);matelassier(e)
500;PROFESSION_1_610;matelot;matelot
500;PROFESSION_1_612;mathématicien(ne);mathématicien(ne)
500;PROFESSION_1_613;mécanicien(ne) navigante;mécanicien(ne) navigante
500;PROFESSION_1_614;mécanicien(ne), garagiste;mécanicien(ne), garagiste
500;PROFESSION_1_615;mécanicien(ne);mécanicien(ne)
500;PROFESSION_1_620;médecin;médecin
500;PROFESSION_1_621;médecin spécialiste;médecin spécialiste
500;PROFESSION_1_623;mégissier(e);mégissier(e)
500;PROFESSION_1_624;membre de l'exécutif et du corps législatif NCA;membre de l'exécutif et du corps législatif NCA
500;PROFESSION_1_625;menuisier;menuisier
500;PROFESSION_1_626;menuisier(e) du bâtiment;menuisier(e) du bâtiment
500;PROFESSION_1_629;metteur(euse) en scène;metteur(euse) en scène
500;PROFESSION_1_630;meuleur de verre;meuleur de verre
500;PROFESSION_1_631;meuleur, polisseur et affuteur;meuleur, polisseur et affuteur
500;PROFESSION_1_632;mineur;mineur
500;PROFESSION_1_634;modéliste de produit;modéliste de produit
500;PROFESSION_1_635;modéliste de vêtement;modéliste de vêtement
500;PROFESSION_1_636;moniteur auto école;moniteur auto école
500;PROFESSION_1_638;moniteur de sport;moniteur de sport
500;PROFESSION_1_640;monteur en isolation thermique et acoustique;monteur en isolation thermique et acoustique
500;PROFESSION_1_641;monteurs et réparateurs de lignes électriques;monteurs et réparateurs de lignes électriques
500;PROFESSION_1_642;mouleur de fonderie;mouleur de fonderie
500;PROFESSION_1_643;mouleur de verre;mouleur de verre
500;PROFESSION_1_644;musicien(ne);musicien(ne)
500;PROFESSION_1_645;naturopathe;naturopathe
500;PROFESSION_1_646;nettoyeur manuel;nettoyeur manuel
500;PROFESSION_1_647;neurologue;neurologue
500;PROFESSION_1_648;notaire;notaire
500;PROFESSION_1_649;noyauteur de fonderie;noyauteur de fonderie
500;PROFESSION_1_650;nutritionniste;nutritionniste
500;PROFESSION_1_652;officier de navigation;officier de navigation
500;PROFESSION_1_653;officier mécanicien, navire;officier mécanicien, navire
500;PROFESSION_1_654;operateur(rice) topographe;operateur(rice) topographe
500;PROFESSION_1_655;ophtalmologue;ophtalmologue
500;PROFESSION_1_656;opticien(ne);opticien(ne)
500;PROFESSION_1_658;optométriste;optométriste
500;PROFESSION_1_659;organisateur(rice);organisateur(rice)
500;PROFESSION_1_660;orthopédiste;orthopédiste
500;PROFESSION_1_661;orthophoniste;orthophoniste
500;PROFESSION_1_662;oto rhino laryngologiste;oto rhino laryngologiste
500;PROFESSION_1_663;outilleur;outilleur
500;PROFESSION_1_664;électro mécanicien(ne);électro mécanicien(ne)
500;PROFESSION_1_665;ouvrier(e);ouvrier(e)
500;PROFESSION_1_670;pathologiste;pathologiste
500;PROFESSION_1_671;pâtissier(e);pâtissier(e)
500;PROFESSION_1_672;peaussier;peaussier
500;PROFESSION_1_675;pédiatre;pédiatre
500;PROFESSION_1_676;pédologue;pédologue
500;PROFESSION_1_677;peintre en bâtiment;peintre en bâtiment
500;PROFESSION_1_678;peintre, carrosserie;peintre, carrosserie
500;PROFESSION_1_679;peintres d'enseignes;peintres d'enseignes
500;PROFESSION_1_680;peintres-décorateurs;peintres-décorateurs
500;PROFESSION_1_681;percepteur(euse) d'impôts;percepteur(euse) d'impôts
500;PROFESSION_1_682;personnel des services de protection et de sécurité, nca;personnel des services de protection et de sécurité, nca
500;PROFESSION_1_683;pharmacien(ne);pharmacien(ne)
500;PROFESSION_1_684;pharmacologue;pharmacologue
500;PROFESSION_1_685;philosophe;philosophe
500;PROFESSION_1_686;photographe;photographe
500;PROFESSION_1_687;physiologiste;physiologiste
500;PROFESSION_1_688;pilote d'avion;pilote d'avion
500;PROFESSION_1_689;pilote de navire;pilote de navire
500;PROFESSION_1_690;pisciculteur(rice), aquaculteur(rice);pisciculteur(rice), aquaculteur(rice)
500;PROFESSION_1_691;plafonneur;plafonneur
500;PROFESSION_1_692;planificateur(rice);planificateur(rice)
500;PROFESSION_1_693;agent(e) de liaison;agent(e) de liaison
500;PROFESSION_1_694;plâtrier(e);plâtrier(e)
500;PROFESSION_1_695;plombier;plombier
500;PROFESSION_1_696;plongeur(se);plongeur(se)
500;PROFESSION_1_697;pneumologue;pneumologue
500;PROFESSION_1_698;poète;poète
500;PROFESSION_1_699;poissonnier(e);poissonnier(e)
500;PROFESSION_1_700;polisseur(euse) de verre;polisseur(euse) de verre
500;PROFESSION_1_702;pompiste;pompiste
500;PROFESSION_1_703;porteur(euse) d'eau;porteur(euse) d'eau
500;PROFESSION_1_704;poseur(euse) de papiers peints;poseur(euse) de papiers peints
500;PROFESSION_1_705;poseur(euse) des revêtements de sol;poseur(euse) des revêtements de sol
500;PROFESSION_1_706;potier(e);potier(e)
500;PROFESSION_1_707;tradipraticien(ne);tradipraticien(ne)
500;PROFESSION_1_708;préfet;préfet
500;PROFESSION_1_709;préfet de police;préfet de police
500;PROFESSION_1_710;préparateur(rice) en pharmacie;préparateur(rice) en pharmacie
500;PROFESSION_1_711;préposé(e) au contrôle de la vermine et des mauvaises herbes;préposé(e) au contrôle de la vermine et des mauvaises herbes
500;PROFESSION_1_712;préposé(e) des eaux et forets;préposé(e) des eaux et forets
500;PROFESSION_1_713;préposé(e), contrôle économique;préposé(e), contrôle économique
500;PROFESSION_1_714;président(e) de la cour constitutionnelle;président(e) de la cour constitutionnelle
500;PROFESSION_1_715;président(e) de la cour d'appel;président(e) de la cour d'appel
500;PROFESSION_1_716;président(e) de la cour suprême;président(e) de la cour suprême
500;PROFESSION_1_717;président(e) de la république;président(e) de la république
500;PROFESSION_1_718;président(e) directeur(rice) général(e);président(e) directeur(rice) général(e)
500;PROFESSION_1_719;président(e) du tribunal de première instance;président(e) du tribunal de première instance
500;PROFESSION_1_720;presseur(euse) d'huile;presseur(euse) d'huile
500;PROFESSION_1_721;prêteur(euse) sur gages;prêteur(euse) sur gages
500;PROFESSION_1_722;prêtre du culte chrétien;prêtre du culte chrétien
500;PROFESSION_1_723;prêtre vaudou;prêtre vaudou
500;PROFESSION_1_724;procureur(e) de la république;procureur(e) de la république
500;PROFESSION_1_725;professeur(e) d'éducation physique et sportive;professeur(e) d'éducation physique et sportive
500;PROFESSION_1_726;professeur(e) d'enseignement secondaire;professeur(e) d'enseignement secondaire
500;PROFESSION_1_727;professeur(e) d'université (assistant, maitre assistant);professeur(e) d'université (assistant, maitre assistant)
500;PROFESSION_1_728;professeurs(es) de langues nationales;professeurs(es) de langues nationales
500;PROFESSION_1_729;professeurs(es) de musique;professeurs(es) de musique
500;PROFESSION_1_730;professeurs(es), enseignement technique et professionnel;professeurs(es), enseignement technique et professionnel
500;PROFESSION_1_731;professions intermédiaires des services juridiques, nca;professions intermédiaires des services juridiques, nca
500;PROFESSION_1_732;chargé(e) de programme;chargé(e) de programme
500;PROFESSION_1_733;propriétaire de restaurant;propriétaire de restaurant
500;PROFESSION_1_734;prothésiste dentaire;prothésiste dentaire
500;PROFESSION_1_735;proviseur;proviseur
500;PROFESSION_1_736;psychiatre;psychiatre
500;PROFESSION_1_737;psychologue;psychologue
500;PROFESSION_1_738;puéricultrice;puéricultrice
500;PROFESSION_1_739;ramasseur(euse) d'ordures;ramasseur(euse) d'ordures
500;PROFESSION_1_740;ramasseurs(euses) de bois de feu;ramasseurs(euses) de bois de feu
500;PROFESSION_1_741;ravaleur de facade;ravaleur de facade
500;PROFESSION_1_742;réalisateur(rice);réalisateur(rice)
500;PROFESSION_1_743;réceptionniste;réceptionniste
500;PROFESSION_1_744;receveur de train, du bus, etc.;receveur de train, du bus, etc.
500;PROFESSION_1_745;recteur d'université;recteur d'université
500;PROFESSION_1_746;régleur(euse), conducteur(rice) de machines-outils;régleur(euse), conducteur(rice) de machines-outils
500;PROFESSION_1_747;régleurs(euses) et conducteur(rice)s(rices) de machines à bois;régleurs(euses) et conducteur(rice)s(rices) de machines à bois
500;PROFESSION_1_748;relieur - reprographe;relieur - reprographe
500;PROFESSION_1_749;réparateur(rice) de chaussures;réparateur(rice) de chaussures
500;PROFESSION_1_750;réparateur(rice) de montre - horloger;réparateur(rice) de montre - horloger
500;PROFESSION_1_751;réparateur(rice) de téléphone portable;réparateur(rice) de téléphone portable
500;PROFESSION_1_752;réparateur(rice) d'ordinateur;réparateur(rice) d'ordinateur
500;PROFESSION_1_753;réparateurs(rice) de bicyclettes et assimilés;réparateurs(rice) de bicyclettes et assimilés
500;PROFESSION_1_754;reporter(rice), speaker(ine), animateur(rice) (radio et télévision);reporter(rice), speaker(ine), animateur(rice) (radio et télévision)
500;PROFESSION_1_755;technico commercial(e);technico commercial(e)
500;PROFESSION_1_756;responsables des prêts;responsables des prêts
500;PROFESSION_1_757;rhumatologue;rhumatologue
500;PROFESSION_1_758;romancier(e);romancier(e)
500;PROFESSION_1_759;sage femme;sage femme
500;PROFESSION_1_761;sapeur pompier;sapeur pompier
500;PROFESSION_1_762;scaphandrier(e), plongeur(euse);scaphandrier(e), plongeur(euse)
500;PROFESSION_1_763;scénariste;scénariste
500;PROFESSION_1_764;artiste sculpteur;artiste sculpteur
500;PROFESSION_1_765;sculpteur(rice);sculpteur(rice)
500;PROFESSION_1_766;secrétaire;secrétaire
500;PROFESSION_1_767;secrétaire administratif;secrétaire administratif
500;PROFESSION_1_768;secrétaire d'ambassade;secrétaire d'ambassade
500;PROFESSION_1_769;secrétaire de direction;secrétaire de direction
500;PROFESSION_1_770;secrétaire des affaires étrangères;secrétaire des affaires étrangères
500;PROFESSION_1_771;secrétaire général (ministère);secrétaire général (ministère)
500;PROFESSION_1_772;secrétaires medicaux;secrétaires medicaux
500;PROFESSION_1_773;sergent / maréchal de logis (mdl);sergent / maréchal de logis (mdl)
500;PROFESSION_1_774;sergent-chef / maréchal de logis chef (mch);sergent-chef / maréchal de logis chef (mch)
500;PROFESSION_1_775;sériciculteur;sériciculteur
500;PROFESSION_1_776;serre-freins, agents de manoeuvre;serre-freins, agents de manoeuvre
500;PROFESSION_1_777;serrurier(e), clé minute;serrurier(e), clé minute
500;PROFESSION_1_778;serveur, servante de bar;serveur, servante de bar
500;PROFESSION_1_779;serveur, servante de restaurant;serveur, servante de restaurant
500;PROFESSION_1_780;sociologue;sociologue
500;PROFESSION_1_781;sur religieuse;sur religieuse
500;PROFESSION_1_782;soldat;soldat
500;PROFESSION_1_783;sondeur de puits;sondeur de puits
500;PROFESSION_1_784;soudeur(se);soudeur(se)
500;PROFESSION_1_785;souffleur(euse) de verre;souffleur(euse) de verre
500;PROFESSION_1_786;sous-lieutenant(e);sous-lieutenant(e)
500;PROFESSION_1_787;spécialiste des activités de la pêche;spécialiste des activités de la pêche
500;PROFESSION_1_788;spécialistes de la formation du personnel;spécialistes de la formation du personnel
500;PROFESSION_1_789;spécialistes de la publicité et de la commercialisation;spécialistes de la publicité et de la commercialisation
500;PROFESSION_1_790;spécialistes de l'environnement, nca;spécialistes de l'environnement, nca
500;PROFESSION_1_791;chargé(e) des relations publiques;chargé(e) des relations publiques
500;PROFESSION_1_792;spécialistes des ventes, secteurs médical et technique;spécialistes des ventes, secteurs médical et technique
500;PROFESSION_1_793;spécialistes des ventes, et ntic;spécialistes des ventes, et ntic
500;PROFESSION_1_794;spécialistes, gestion des ressources humaines;spécialistes, gestion des ressources humaines
500;PROFESSION_1_795;standardiste - téléphoniste;standardiste - téléphoniste
500;PROFESSION_1_796;steward;steward
500;PROFESSION_1_797;superviseur des services de nettoyage de bureaux;superviseur des services de nettoyage de bureaux
500;PROFESSION_1_798;surveillant(e) de lycées et collèges;surveillant(e) de lycées et collèges
500;PROFESSION_1_799;surveillant(e) des télécommunications;surveillant(e) des télécommunications
500;PROFESSION_1_800;élève tailleur;élève tailleur
500;PROFESSION_1_801;tailleur(euse) de pierre;tailleur(euse) de pierre
500;PROFESSION_1_802;tailleur(euse) de verre;tailleur(euse) de verre
500;PROFESSION_1_803;tanneur(se);tanneur(se)
500;PROFESSION_1_804;tapissier(e);tapissier(e)
500;PROFESSION_1_805;technicien(ne) agronome;technicien(ne) agronome
500;PROFESSION_1_806;technicien(ne) appareil médical;technicien(ne) appareil médical
500;PROFESSION_1_807;technicien(ne) biologiste;technicien(ne) biologiste
500;PROFESSION_1_808;technicien(ne) botaniste;technicien(ne) botaniste
500;PROFESSION_1_809;technicien(ne) chimiste;technicien(ne) chimiste
500;PROFESSION_1_810;technicien(ne) de bibliothèque;technicien(ne) de bibliothèque
500;PROFESSION_1_811;technicien(ne) de galerie;technicien(ne) de galerie
500;PROFESSION_1_812;génie civil(e);génie civil(e)
500;PROFESSION_1_813;technicien(ne) de la géologie et des mines;technicien(ne) de la géologie et des mines
500;PROFESSION_1_814;technicien(ne) de laboratoire;technicien(ne) de laboratoire
500;PROFESSION_1_815;technicien(ne) de l'équipement rural;technicien(ne) de l'équipement rural
500;PROFESSION_1_816;technicien(ne) de musee;technicien(ne) de musee
500;PROFESSION_1_817;technicien(ne) de radiologie médicale;technicien(ne) de radiologie médicale
500;PROFESSION_1_818;technicien(ne) de télécommunication;technicien(ne) de télécommunication
500;PROFESSION_1_819;ingénieur du génie rural;ingénieur du génie rural
500;PROFESSION_1_820;électro électricien(ne);électro électricien(ne)
500;PROFESSION_1_821;ingénieur électro technicien;ingénieur électro technicien
500;PROFESSION_1_822;technicien(ne) en construction mecanique;technicien(ne) en construction mecanique
500;PROFESSION_1_823;assistant(e) de vie;assistant(e) de vie
500;PROFESSION_1_824;technicien(ne) forestier;technicien(ne) forestier
500;PROFESSION_1_825;technicien(ne) frigoriste;technicien(ne) frigoriste
500;PROFESSION_1_826;technicien(ne) géologue;technicien(ne) géologue
500;PROFESSION_1_827;technicien(ne) métallurgiste;technicien(ne) métallurgiste
500;PROFESSION_1_828;technicien(ne) météorologiste;technicien(ne) météorologiste
500;PROFESSION_1_829;technicien(ne) physicien;technicien(ne) physicien
500;PROFESSION_1_830;technicien(ne) zoologiste;technicien(ne) zoologiste
500;PROFESSION_1_831;technicien(ne), appareil audio-visuel;technicien(ne), appareil audio-visuel
500;PROFESSION_1_832;technicien(ne), sécurité aérienne;technicien(ne), sécurité aérienne
500;PROFESSION_1_833;techniciens(nes) de l'internet;techniciens(nes) de l'internet
500;PROFESSION_1_834;teinturier(e);teinturier(e)
500;PROFESSION_1_835;télévendeurs(euses);télévendeurs(euses)
500;PROFESSION_1_836;tisserand;tisserand
500;PROFESSION_1_837;toiletteur(euse) d'animaux;toiletteur(euse) d'animaux
500;PROFESSION_1_838;tôlier;tôlier
500;PROFESSION_1_839;toxicologue;toxicologue
500;PROFESSION_1_840;traducteur(rice);traducteur(rice)
500;PROFESSION_1_841;transitaire;transitaire
500;PROFESSION_1_842;trappeur(euse);trappeur(euse)
500;PROFESSION_1_843;trappeur(euse) de subsistance;trappeur(euse) de subsistance
500;PROFESSION_1_844;trésorier(e) payeur général;trésorier(e) payeur général
500;PROFESSION_1_845;tricoteur(se);tricoteur(se)
500;PROFESSION_1_846;trieur(euse) de déchets;trieur(euse) de déchets
500;PROFESSION_1_847;urbaniste;urbaniste
500;PROFESSION_1_848;valet de chambre;valet de chambre
500;PROFESSION_1_849;vannier(e);vannier(e)
500;PROFESSION_1_850;vendeur(euse) ambulant de carte de recharge téléphonique;vendeur(euse) ambulant de carte de recharge téléphonique
500;PROFESSION_1_851;vendeur(euse) ambulant de divers produits non alimentaire;vendeur(euse) ambulant de divers produits non alimentaire
500;PROFESSION_1_852;vendeur(euse) de beignets et d'autres aliments préparés;vendeur(euse) de beignets et d'autres aliments préparés
500;PROFESSION_1_853;vendeur(euse) de boisson locale ou moderne hors bar;vendeur(euse) de boisson locale ou moderne hors bar
500;PROFESSION_1_854;vendeur(euse) de céréales;vendeur(euse) de céréales
500;PROFESSION_1_855;vendeur(euse) de fruits;vendeur(euse) de fruits
500;PROFESSION_1_856;vendeur(euse) de journaux;vendeur(euse) de journaux
500;PROFESSION_1_857;vendeur(euse) de légumes et arachides et tous condiments;vendeur(euse) de légumes et arachides et tous condiments
500;PROFESSION_1_858;vendeur(euse) de tissus et friperie;vendeur(euse) de tissus et friperie
500;PROFESSION_1_859;vendeur(euse) de vivres frais (alloco, igname, autres féculents);vendeur(euse) de vivres frais (alloco, igname, autres féculents)
500;PROFESSION_1_860;vendeur(euse) d'eau;vendeur(euse) d'eau
500;PROFESSION_1_861;vendeur(euse), établissement de commerce;vendeur(euse), établissement de commerce
500;PROFESSION_1_862;vérificateur(rice);vérificateur(rice)
500;PROFESSION_1_863;vérificateur(rice) de compte;vérificateur(rice) de compte
500;PROFESSION_1_864;vernisseur(euse);vernisseur(euse)
500;PROFESSION_1_865;vice-amiral;vice-amiral
500;PROFESSION_1_866;vice-amiral d'escadrille;vice-amiral d'escadrille
500;PROFESSION_1_867;vitrier(e);vitrier(e)
500;PROFESSION_1_868;vulgarisateur agricole;vulgarisateur agricole
500;PROFESSION_1_869;zoologiste;zoologiste
500;PROFESSION_1_870;informaticien(ne) administrateur(rice) réseau (webmaster);informaticien(ne) administrateur(rice) réseau (webmaster)
500;PROFESSION_1_871;informaticien(ne) concepteur(rice) réseau;informaticien(ne) concepteur(rice) réseau
500;PROFESSION_1_872;informaticien(ne) spécialiste des bases de données;informaticien(ne) spécialiste des bases de données
500;PROFESSION_1_873;imam;imam
500;PROFESSION_1_923;élève;élève
500;PROFESSION_1_924;étudiant(e);étudiant(e)
500;PROFESSION_1_925;commerçant(e);commerçant(e)
500;PROFESSION_1_973;chimiste;chimiste
500;PROFESSION_1_974;ingénieur chimiste;ingénieur chimiste
500;PROFESSION_1_975;agent(e) de banque;agent(e) de banque
500;PROFESSION_1_976;griot;griot
500;PROFESSION_1_977;assistant(e) aux opérations;assistant(e) aux opérations
500;PROFESSION_1_978;animateur(rice) radio;animateur(rice) radio
500;PROFESSION_1_979;agent communal/municipal;agent communal/municipal
500;PROFESSION_1_980;acconier;acconier
500;PROFESSION_1_981;accoucheur(se) traditionnel(le);accoucheur(se) traditionnel(le)
500;PROFESSION_1_982;accouveur;accouveur
500;PROFESSION_1_983;acheteur;acheteur
500;PROFESSION_1_984;acousticien(ne);acousticien(ne)
500;PROFESSION_1_985;activité libérale;activité libérale
500;PROFESSION_1_986;acupuncteur;acupuncteur
500;PROFESSION_1_987;adjoint(e);adjoint(e)
500;PROFESSION_1_988;administrateur(rice);administrateur(rice)
500;PROFESSION_1_989;administrateur(rice) financier;administrateur(rice) financier
500;PROFESSION_1_990;afficheur(se);afficheur(se)
500;PROFESSION_1_991;affuteur(se);affuteur(se)
500;PROFESSION_1_992;agent(e);agent(e)
500;PROFESSION_1_993;agent(e) aéroportuaire;agent(e) aéroportuaire
500;PROFESSION_1_994;agent(e) affaires maritimes;agent(e) affaires maritimes
500;PROFESSION_1_995;agent(e) agricole;agent(e) agricole
500;PROFESSION_1_996;agent(e) cie;agent(e) cie
500;PROFESSION_1_997;agent(e) communautaire;agent(e) communautaire
500;PROFESSION_1_998;agent(e) comptable;agent(e) comptable
500;PROFESSION_1_999;agent(e) conseil général;agent(e) conseil général
500;PROFESSION_1_1000;agent(e) consignataire;agent(e) consignataire
500;PROFESSION_1_1001;agent(e) consulaire;agent(e) consulaire
500;PROFESSION_1_1002;agent(e) contentieux;agent(e) contentieux
500;PROFESSION_1_1003;agent(e) contractuel;agent(e) contractuel
500;PROFESSION_1_1004;agent(e) contrôle qualité;agent(e) contrôle qualité
500;PROFESSION_1_1005;agent(e) contrôle qualité prix;agent(e) contrôle qualité prix
500;PROFESSION_1_1006;agent(e) coursier;agent(e) coursier
500;PROFESSION_1_1007;agent(e) culturel;agent(e) culturel
500;PROFESSION_1_1008;agent(e) cynophile de sécurité;agent(e) cynophile de sécurité
500;PROFESSION_1_1009;agent(e) d'accueil;agent(e) d'accueil
500;PROFESSION_1_1010;agent(e) d'affaires;agent(e) d'affaires
500;PROFESSION_1_1011;agent(e) d'affaires judiciaires;agent(e) d'affaires judiciaires
500;PROFESSION_1_1012;agent(e) d'assainissement;agent(e) d'assainissement
500;PROFESSION_1_1013;agent(e) d'aviation;agent(e) d'aviation
500;PROFESSION_1_1014;agent(e) de bâtiment;agent(e) de bâtiment
500;PROFESSION_1_1015;agent(e) de boulangerie;agent(e) de boulangerie
500;PROFESSION_1_1016;agent(e) de budget;agent(e) de budget
500;PROFESSION_1_1017;agent(e) de burida;agent(e) de burida
500;PROFESSION_1_1018;agent(e) de caisse;agent(e) de caisse
500;PROFESSION_1_1019;agent(e) de caisse d'épargne;agent(e) de caisse d'épargne
500;PROFESSION_1_1020;agent(e) de circulation;agent(e) de circulation
500;PROFESSION_1_1021;agent(e) de collecte;agent(e) de collecte
500;PROFESSION_1_1022;agent(e) de collectivité;agent(e) de collectivité
500;PROFESSION_1_1023;agent(e) de communication;agent(e) de communication
500;PROFESSION_1_1024;agent(e) de compagnie aérienne;agent(e) de compagnie aérienne
500;PROFESSION_1_1025;agent(e) de comptoir;agent(e) de comptoir
500;PROFESSION_1_1026;agent(e) de conditionnement;agent(e) de conditionnement
500;PROFESSION_1_1027;agent(e) de confection;agent(e) de confection
500;PROFESSION_1_1028;agent(e) de conseil général;agent(e) de conseil général
500;PROFESSION_1_1029;agent(e) de constatation;agent(e) de constatation
500;PROFESSION_1_1030;agent(e) de construction;agent(e) de construction
500;PROFESSION_1_1031;agent(e) de contrôle;agent(e) de contrôle
500;PROFESSION_1_1032;agent(e) de coopération;agent(e) de coopération
500;PROFESSION_1_1033;agent(e) de courrier;agent(e) de courrier
500;PROFESSION_1_1034;agent(e) de crédit;agent(e) de crédit
500;PROFESSION_1_1035;agent(e) de cuisine;agent(e) de cuisine
500;PROFESSION_1_1036;agent(e) de développement;agent(e) de développement
500;PROFESSION_1_1037;agent(e) de développement rural;agent(e) de développement rural
500;PROFESSION_1_1038;agent(e) de distribution;agent(e) de distribution
500;PROFESSION_1_1039;agent(e) de district;agent(e) de district
500;PROFESSION_1_1040;agent(e) de fabrication;agent(e) de fabrication
500;PROFESSION_1_1041;agent(e) de facturation;agent(e) de facturation
500;PROFESSION_1_1042;agent(e) de ferme;agent(e) de ferme
500;PROFESSION_1_1043;agent(e) de finance;agent(e) de finance
500;PROFESSION_1_1044;agent(e) de fonction publique;agent(e) de fonction publique
500;PROFESSION_1_1045;agent(e) de fret;agent(e) de fret
500;PROFESSION_1_1046;agent(e) de froid;agent(e) de froid
500;PROFESSION_1_1047;agent(e) de gestion;agent(e) de gestion
500;PROFESSION_1_1048;agent(e) de greffage;agent(e) de greffage
500;PROFESSION_1_1049;agent(e) de greffe;agent(e) de greffe
500;PROFESSION_1_1050;agent(e) de guichet;agent(e) de guichet
500;PROFESSION_1_1051;agent(e) de joueur;agent(e) de joueur
500;PROFESSION_1_1052;agent(e) de la fonction publique;agent(e) de la fonction publique
500;PROFESSION_1_1053;agent(e) de laboratoire;agent(e) de laboratoire
500;PROFESSION_1_1054;agent(e) de l'environnement;agent(e) de l'environnement
500;PROFESSION_1_1055;agent(e) de l'état;agent(e) de l'état
500;PROFESSION_1_1056;agent(e) de liquidation;agent(e) de liquidation
500;PROFESSION_1_1057;agent(e) de litige;agent(e) de litige
500;PROFESSION_1_1058;agent(e) de livraison;agent(e) de livraison
500;PROFESSION_1_1059;agent(e) de logistique;agent(e) de logistique
500;PROFESSION_1_1060;agent(e) de lonaci;agent(e) de lonaci
500;PROFESSION_1_1061;agent(e) de maintenance;agent(e) de maintenance
500;PROFESSION_1_1062;agent(e) de mairie;agent(e) de mairie
500;PROFESSION_1_1063;agent(e) de maison;agent(e) de maison
500;PROFESSION_1_1064;agent(e) de maitrise;agent(e) de maitrise
500;PROFESSION_1_1065;agent(e) de manutention;agent(e) de manutention
500;PROFESSION_1_1066;agent(e) de marketing;agent(e) de marketing
500;PROFESSION_1_1067;agent(e) de médiation;agent(e) de médiation
500;PROFESSION_1_1068;agent(e) de ménage;agent(e) de ménage
500;PROFESSION_1_1069;agent(e) de nettoyage;agent(e) de nettoyage
500;PROFESSION_1_1070;agent(e) de paie;agent(e) de paie
500;PROFESSION_1_1071;agent(e) de parc;agent(e) de parc
500;PROFESSION_1_1072;agent(e) de passage;agent(e) de passage
500;PROFESSION_1_1073;agent(e) de pesage;agent(e) de pesage
500;PROFESSION_1_1074;agent(e) de pharmacie;agent(e) de pharmacie
500;PROFESSION_1_1075;agent(e) de piste;agent(e) de piste
500;PROFESSION_1_1076;agent(e) de pointage;agent(e) de pointage
500;PROFESSION_1_1077;agent(e) de préfecture;agent(e) de préfecture
500;PROFESSION_1_1078;agent(e) de presse;agent(e) de presse
500;PROFESSION_1_1079;agent(e) de pressing;agent(e) de pressing
500;PROFESSION_1_1080;agent(e) de prévention;agent(e) de prévention
500;PROFESSION_1_1081;agent(e) de production;agent(e) de production
500;PROFESSION_1_1082;agent(e) de programmation;agent(e) de programmation
500;PROFESSION_1_1083;agent(e) de propreté;agent(e) de propreté
500;PROFESSION_1_1084;agent(e) de prospection;agent(e) de prospection
500;PROFESSION_1_1085;agent(e) de protection;agent(e) de protection
500;PROFESSION_1_1086;agent(e) de protocole;agent(e) de protocole
500;PROFESSION_1_1087;agent(e) de publicité;agent(e) de publicité
500;PROFESSION_1_1088;agent(e) de quai;agent(e) de quai
500;PROFESSION_1_1089;agent(e) de qualité;agent(e) de qualité
500;PROFESSION_1_1090;agent(e) de radio;agent(e) de radio
500;PROFESSION_1_1091;agent(e) de rebatisseur rural;agent(e) de rebatisseur rural
500;PROFESSION_1_1092;agent(e) de recherche;agent(e) de recherche
500;PROFESSION_1_1093;agent(e) de recouvrement;agent(e) de recouvrement
500;PROFESSION_1_1094;agent(e) de reprographie;agent(e) de reprographie
500;PROFESSION_1_1095;agent(e) de réseau;agent(e) de réseau
500;PROFESSION_1_1096;agent(e) de réservation;agent(e) de réservation
500;PROFESSION_1_1097;agent(e) de restauration;agent(e) de restauration
500;PROFESSION_1_1098;agent(e) de salubrité;agent(e) de salubrité
500;PROFESSION_1_1099;agent(e) de scierie;agent(e) de scierie
500;PROFESSION_1_1100;agent(e) de secouriste;agent(e) de secouriste
500;PROFESSION_1_1101;agent(e) de sécurité;agent(e) de sécurité
500;PROFESSION_1_1102;agent(e) de sensibilisation;agent(e) de sensibilisation
500;PROFESSION_1_1103;agent(e) de service;agent(e) de service
500;PROFESSION_1_1104;agent(e) de service hospitalier;agent(e) de service hospitalier
500;PROFESSION_1_1105;agent(e) de service public;agent(e) de service public
500;PROFESSION_1_1106;agent(e) de sous-préfecture;agent(e) de sous-préfecture
500;PROFESSION_1_1107;agent(e) de spéculation;agent(e) de spéculation
500;PROFESSION_1_1108;agent(e) de station service;agent(e) de station service
500;PROFESSION_1_1109;agent(e) de statistique;agent(e) de statistique
500;PROFESSION_1_1110;agent(e) de suivi;agent(e) de suivi
500;PROFESSION_1_1111;agent(e) de surete;agent(e) de surete
500;PROFESSION_1_1112;agent(e) de surete aérienne;agent(e) de surete aérienne
500;PROFESSION_1_1113;agent(e) de surete aéroportuaire;agent(e) de surete aéroportuaire
500;PROFESSION_1_1114;agent(e) de surete portuaire;agent(e) de surete portuaire
500;PROFESSION_1_1115;agent(e) de surface;agent(e) de surface
500;PROFESSION_1_1116;agent(e) de télécommunication;agent(e) de télécommunication
500;PROFESSION_1_1117;agent(e) de terrain;agent(e) de terrain
500;PROFESSION_1_1118;agent(e) de tourisme;agent(e) de tourisme
500;PROFESSION_1_1119;agent(e) de transmission;agent(e) de transmission
500;PROFESSION_1_1120;agent(e) de transport;agent(e) de transport
500;PROFESSION_1_1121;agent(e) de trésor;agent(e) de trésor
500;PROFESSION_1_1122;agent(e) de vente;agent(e) de vente
500;PROFESSION_1_1123;agent(e) de zone;agent(e) de zone
500;PROFESSION_1_1124;agent(e) d'encadrement;agent(e) d'encadrement
500;PROFESSION_1_1125;agent(e) d'entreprise;agent(e) d'entreprise
500;PROFESSION_1_1126;agent(e) d'environnement;agent(e) d'environnement
500;PROFESSION_1_1127;agent(e) des affaires maritimes;agent(e) des affaires maritimes
500;PROFESSION_1_1128;agent(e) des douanes;agent(e) des douanes
500;PROFESSION_1_1129;agent(e) des eaux et forets;agent(e) des eaux et forets
500;PROFESSION_1_1130;agent(e) des finances;agent(e) des finances
500;PROFESSION_1_1131;agent(e) des impôts;agent(e) des impôts
500;PROFESSION_1_1132;agent(e) des opérations;agent(e) des opérations
500;PROFESSION_1_1133;agent(e) des ressources humaines;agent(e) des ressources humaines
500;PROFESSION_1_1134;agent(e) des services hospitalier;agent(e) des services hospitalier
500;PROFESSION_1_1135;agent(e) des télécommunications;agent(e) des télécommunications
500;PROFESSION_1_1136;agent(e) des travaux publics;agent(e) des travaux publics
500;PROFESSION_1_1137;agent(e) d'escale;agent(e) d'escale
500;PROFESSION_1_1138;agent(e) d'escorte;agent(e) d'escorte
500;PROFESSION_1_1139;agent(e) d'état;agent(e) d'état
500;PROFESSION_1_1140;agent(e) d'état civil;agent(e) d'état civil
500;PROFESSION_1_1141;agent(e) d'étude;agent(e) d'étude
500;PROFESSION_1_1142;agent(e) développement rural;agent(e) développement rural
500;PROFESSION_1_1143;agent(e) d'expédition;agent(e) d'expédition
500;PROFESSION_1_1144;agent(e) d'expertise;agent(e) d'expertise
500;PROFESSION_1_1145;agent(e) d'expertise maritime;agent(e) d'expertise maritime
500;PROFESSION_1_1146;agent(e) d'exploitation;agent(e) d'exploitation
500;PROFESSION_1_1147;agent(e) d'hôtel;agent(e) d'hôtel
500;PROFESSION_1_1148;agent(e) d'identification;agent(e) d'identification
500;PROFESSION_1_1149;agent(e) d'imprimerie;agent(e) d'imprimerie
500;PROFESSION_1_1150;agent(e) d'incendie;agent(e) d'incendie
500;PROFESSION_1_1151;agent(e) d'inspection;agent(e) d'inspection
500;PROFESSION_1_1152;agent(e) d'intervention;agent(e) d'intervention
500;PROFESSION_1_1153;agent(e) distributeur;agent(e) distributeur
500;PROFESSION_1_1154;agent(e) documentation;agent(e) documentation
500;PROFESSION_1_1155;agent(e) d'ong;agent(e) d'ong
500;PROFESSION_1_1156;agent(e) d'opération;agent(e) d'opération
500;PROFESSION_1_1157;agent(e) du tourisme;agent(e) du tourisme
500;PROFESSION_1_1158;agent(e) du trésor;agent(e) du trésor
500;PROFESSION_1_1159;agent(e) d'usine;agent(e) d'usine
500;PROFESSION_1_1160;agent(e) économique;agent(e) économique
500;PROFESSION_1_1161;agent(e) encadreur;agent(e) encadreur
500;PROFESSION_1_1162;agent(e) enquêteur;agent(e) enquêteur
500;PROFESSION_1_1163;agent(e) état civil;agent(e) état civil
500;PROFESSION_1_1164;agent(e) financier(e);agent(e) financier(e)
500;PROFESSION_1_1165;agent(e) foncier;agent(e) foncier
500;PROFESSION_1_1166;agent(e) forestier(e);agent(e) forestier(e)
500;PROFESSION_1_1167;agent(e) général d'assurance;agent(e) général d'assurance
500;PROFESSION_1_1168;agent(e) hospitalier;agent(e) hospitalier
500;PROFESSION_1_1169;agent(e) hôtelier;agent(e) hôtelier
500;PROFESSION_1_1170;agent(e) humanitaire;agent(e) humanitaire
500;PROFESSION_1_1171;agent(e) identification;agent(e) identification
500;PROFESSION_1_1172;agent(e) industriel(le);agent(e) industriel(le)
500;PROFESSION_1_1173;agent(e) informatique;agent(e) informatique
500;PROFESSION_1_1174;agent(e) international(e);agent(e) international(e)
500;PROFESSION_1_1175;agent(e) litige;agent(e) litige
500;PROFESSION_1_1176;agent(e) livreur;agent(e) livreur
500;PROFESSION_1_1177;agent(e) logistique;agent(e) logistique
500;PROFESSION_1_1178;agent(e) machiniste;agent(e) machiniste
500;PROFESSION_1_1179;agent(e) magasinier(e);agent(e) magasinier(e)
500;PROFESSION_1_1180;agent(e) mandataire;agent(e) mandataire
500;PROFESSION_1_1181;agent(e) marketing;agent(e) marketing
500;PROFESSION_1_1182;agent(e) météo;agent(e) météo
500;PROFESSION_1_1183;agent(e) municipal(e);agent(e) municipal(e)
500;PROFESSION_1_1184;agent(e) pastoral(e);agent(e) pastoral(e)
500;PROFESSION_1_1185;agent(e) pénitentiaire;agent(e) pénitentiaire
500;PROFESSION_1_1186;agent(e) phyto sanitaire;agent(e) phyto sanitaire
500;PROFESSION_1_1187;agent(e) portuaire;agent(e) portuaire
500;PROFESSION_1_1188;agent(e) promoteur(rice);agent(e) promoteur(rice)
500;PROFESSION_1_1189;agent(e) publicitaire;agent(e) publicitaire
500;PROFESSION_1_1190;agent(e) recenseur;agent(e) recenseur
500;PROFESSION_1_1191;agent(e) réceptionniste;agent(e) réceptionniste
500;PROFESSION_1_1192;agent(e) regulateur;agent(e) regulateur
500;PROFESSION_1_1193;agent(e) réseau;agent(e) réseau
500;PROFESSION_1_1194;agent(e) sanitaire;agent(e) sanitaire
500;PROFESSION_1_1195;agent(e) sodeci;agent(e) sodeci
500;PROFESSION_1_1196;agent(e) sportif(ive);agent(e) sportif(ive)
500;PROFESSION_1_1197;agent(e) superviseur;agent(e) superviseur
500;PROFESSION_1_1198;agent(e) sylviculteur;agent(e) sylviculteur
500;PROFESSION_1_1199;agent(e) technico-commercial(e);agent(e) technico-commercial(e)
500;PROFESSION_1_1200;agent(e) télécom;agent(e) télécom
500;PROFESSION_1_1201;agent(e) temporaire;agent(e) temporaire
500;PROFESSION_1_1202;agent(e) territorial(e);agent(e) territorial(e)
500;PROFESSION_1_1203;agent(e) topographe;agent(e) topographe
500;PROFESSION_1_1204;agent(e) tracking;agent(e) tracking
500;PROFESSION_1_1205;agent(e) vérificateur(rice);agent(e) vérificateur(rice)
500;PROFESSION_1_1206;agent(e) vétérinaire;agent(e) vétérinaire
500;PROFESSION_1_1207;agriculteur;agriculteur
500;PROFESSION_1_1208;agro-économiste;agro-économiste
500;PROFESSION_1_1209;agro-éleveur;agro-éleveur
500;PROFESSION_1_1210;agro-entrepreneur;agro-entrepreneur
500;PROFESSION_1_1211;agro-mécanicien(ne);agro-mécanicien(ne)
500;PROFESSION_1_1212;agronome;agronome
500;PROFESSION_1_1213;agro-pasteur;agro-pasteur
500;PROFESSION_1_1214;agro-pharmacien(ne);agro-pharmacien(ne)
500;PROFESSION_1_1215;aide à domicile;aide à domicile
500;PROFESSION_1_1216;aide à la maternelle;aide à la maternelle
500;PROFESSION_1_1217;aide archiviste;aide archiviste
500;PROFESSION_1_1218;aide assistante sociale;aide assistante sociale
500;PROFESSION_1_1219;aide aux personnes;aide aux personnes
500;PROFESSION_1_1220;aide bibliothécaire;aide bibliothécaire
500;PROFESSION_1_1221;aide chauffeur;aide chauffeur
500;PROFESSION_1_1222;aide chimiste;aide chimiste
500;PROFESSION_1_1223;aide coiffeuse;aide coiffeuse
500;PROFESSION_1_1224;aide collecteur;aide collecteur
500;PROFESSION_1_1225;aide commerçant(e);aide commerçant(e)
500;PROFESSION_1_1226;aide comptable;aide comptable
500;PROFESSION_1_1227;aide conducteur(rice);aide conducteur(rice)
500;PROFESSION_1_1228;aide couturier(e);aide couturier(e)
500;PROFESSION_1_1229;aide cuisinier(e);aide cuisinier(e)
500;PROFESSION_1_1230;aide déligneur;aide déligneur
500;PROFESSION_1_1231;aide dentiste;aide dentiste
500;PROFESSION_1_1232;aide dérouleur;aide dérouleur
500;PROFESSION_1_1233;aide éducateur(rice);aide éducateur(rice)
500;PROFESSION_1_1234;aide éducateur(rice) préscolaire;aide éducateur(rice) préscolaire
500;PROFESSION_1_1235;aide enseignant(e);aide enseignant(e)
500;PROFESSION_1_1236;aide familial(e);aide familial(e)
500;PROFESSION_1_1237;aide géologue;aide géologue
500;PROFESSION_1_1238;aide géomètre;aide géomètre
500;PROFESSION_1_1239;aide gérant(e);aide gérant(e)
500;PROFESSION_1_1240;aide jardinier(e);aide jardinier(e)
500;PROFESSION_1_1241;aide kinesithérapeute;aide kinesithérapeute
500;PROFESSION_1_1242;aide laborantin;aide laborantin
500;PROFESSION_1_1243;aide machiniste;aide machiniste
500;PROFESSION_1_1244;aide maçon;aide maçon
500;PROFESSION_1_1245;aide magasinière;aide magasinière
500;PROFESSION_1_1246;aide maitresse;aide maitresse
500;PROFESSION_1_1247;aide maternelle;aide maternelle
500;PROFESSION_1_1248;aide mécanicien;aide mécanicien
500;PROFESSION_1_1249;aide medico-psychologique;aide medico-psychologique
500;PROFESSION_1_1250;aide moniteur(rice);aide moniteur(rice)
500;PROFESSION_1_1251;aide operateur(rice);aide operateur(rice)
500;PROFESSION_1_1252;aide pharmacien(ne);aide pharmacien(ne)
500;PROFESSION_1_1253;aide phytosanitaire;aide phytosanitaire
500;PROFESSION_1_1254;aide planteur;aide planteur
500;PROFESSION_1_1255;aide pompiste;aide pompiste
500;PROFESSION_1_1256;aide sage-femme;aide sage-femme
500;PROFESSION_1_1257;aide scieur;aide scieur
500;PROFESSION_1_1258;aide soignant(e);aide soignant(e)
500;PROFESSION_1_1259;aide sondeur;aide sondeur
500;PROFESSION_1_1260;aide technicien(ne);aide technicien(ne)
500;PROFESSION_1_1261;aide topographe;aide topographe
500;PROFESSION_1_1262;aide transporteur;aide transporteur
500;PROFESSION_1_1263;aide vétérinaire;aide vétérinaire
500;PROFESSION_1_1264;ajusteur;ajusteur
500;PROFESSION_1_1265;alphabétisateur;alphabétisateur
500;PROFESSION_1_1267;aménagiste;aménagiste
500;PROFESSION_1_1268;analyste;analyste
500;PROFESSION_1_1269;analyste agricole;analyste agricole
500;PROFESSION_1_1270;analyste de crédit;analyste de crédit
500;PROFESSION_1_1271;analyste politique;analyste politique
500;PROFESSION_1_1272;analyste statisticien;analyste statisticien
500;PROFESSION_1_1273;ancien combattant;ancien combattant
500;PROFESSION_1_1274;anesthésiste;anesthésiste
500;PROFESSION_1_1275;animateur(rice);animateur(rice)
500;PROFESSION_1_1276;animateur(rice) commercial(e);animateur(rice) commercial(e)
500;PROFESSION_1_1277;animateur(rice) culturel(le);animateur(rice) culturel(le)
500;PROFESSION_1_1278;animateur(rice) d'alphabétisation;animateur(rice) d'alphabétisation
500;PROFESSION_1_1279;animateur(rice) de cafop;animateur(rice) de cafop
500;PROFESSION_1_1280;animateur(rice) de media;animateur(rice) de media
500;PROFESSION_1_1281;animateur(rice) de projet;animateur(rice) de projet
500;PROFESSION_1_1282;animateur(rice) de santé;animateur(rice) de santé
500;PROFESSION_1_1283;animateur(rice) de spectacle;animateur(rice) de spectacle
500;PROFESSION_1_1284;animateur(rice) discothèque;animateur(rice) discothèque
500;PROFESSION_1_1285;animateur(rice) pédagogique;animateur(rice) pédagogique
500;PROFESSION_1_1286;animateur(rice) préscolaire;animateur(rice) préscolaire
500;PROFESSION_1_1287;animateur(rice) radio télévision;animateur(rice) radio télévision
500;PROFESSION_1_1288;animateur(rice) scolaire;animateur(rice) scolaire
500;PROFESSION_1_1289;animateur(rice) social(e);animateur(rice) social(e)
500;PROFESSION_1_1290;animateur(rice) socio-culturel(le);animateur(rice) socio-culturel(le)
500;PROFESSION_1_1291;animateur(rice) sportif(ve);animateur(rice) sportif(ve)
500;PROFESSION_1_1292;antiquaire;antiquaire
500;PROFESSION_1_1293;apôtre;apôtre
500;PROFESSION_1_1294;apôtre missionnaire;apôtre missionnaire
500;PROFESSION_1_1295;appariteur;appariteur
500;PROFESSION_1_1296;applicateur;applicateur
500;PROFESSION_1_1297;approvisionneur;approvisionneur
500;PROFESSION_1_1298;APVA;APVA
500;PROFESSION_1_1299;aquaculteur;aquaculteur
500;PROFESSION_1_1300;arbitre;arbitre
500;PROFESSION_1_1301;armateur;armateur
500;PROFESSION_1_1302;arrangeur;arrangeur
500;PROFESSION_1_1303;artisan;artisan
500;PROFESSION_1_1304;artiste;artiste
500;PROFESSION_1_1305;artiste animateur(rice);artiste animateur(rice)
500;PROFESSION_1_1306;artiste batteur;artiste batteur
500;PROFESSION_1_1307;artiste calligraphe;artiste calligraphe
500;PROFESSION_1_1308;artiste chanteur musicien(ne);artiste chanteur musicien(ne)
500;PROFESSION_1_1309;artiste chanteur(se);artiste chanteur(se)
500;PROFESSION_1_1310;artiste chorégraphe;artiste chorégraphe
500;PROFESSION_1_1311;artiste comedien(ne);artiste comedien(ne)
500;PROFESSION_1_1312;artiste compositeur;artiste compositeur
500;PROFESSION_1_1313;artiste danseur(se);artiste danseur(se)
500;PROFESSION_1_1314;artiste décorateur(rice);artiste décorateur(rice)
500;PROFESSION_1_1315;artiste encadreur(se);artiste encadreur(se)
500;PROFESSION_1_1316;artiste footballeur(se);artiste footballeur(se)
500;PROFESSION_1_1317;artiste guitariste;artiste guitariste
500;PROFESSION_1_1318;artiste instrumentiste;artiste instrumentiste
500;PROFESSION_1_1319;artiste manager;artiste manager
500;PROFESSION_1_1320;artiste musicien arrangeur;artiste musicien arrangeur
500;PROFESSION_1_1322;artiste musicien(ne);artiste musicien(ne)
500;PROFESSION_1_1323;artiste peintre décorateur;artiste peintre décorateur
500;PROFESSION_1_1324;artiste percussionniste;artiste percussionniste
500;PROFESSION_1_1325;artiste photographe;artiste photographe
500;PROFESSION_1_1326;artiste plasticien(ne);artiste plasticien(ne)
500;PROFESSION_1_1327;ascensoriste;ascensoriste
500;PROFESSION_1_1328;assistant(e);assistant(e)
500;PROFESSION_1_1329;assistant(e) à l'université;assistant(e) à l'université
500;PROFESSION_1_1330;assistant(e) achat;assistant(e) achat
500;PROFESSION_1_1331;assistant(e) agricole;assistant(e) agricole
500;PROFESSION_1_1332;assistant(e) agronome;assistant(e) agronome
500;PROFESSION_1_1333;assistant(e) architecte;assistant(e) architecte
500;PROFESSION_1_1334;assistant(e) avion;assistant(e) avion
500;PROFESSION_1_1335;assistant(e) bilingue;assistant(e) bilingue
500;PROFESSION_1_1336;assistant(e) boulanger;assistant(e) boulanger
500;PROFESSION_1_1337;assistant(e) bureautique;assistant(e) bureautique
500;PROFESSION_1_1338;assistant(e) chercheur;assistant(e) chercheur
500;PROFESSION_1_1339;assistant(e) clientèle;assistant(e) clientèle
500;PROFESSION_1_1340;assistant(e) commercial;assistant(e) commercial
500;PROFESSION_1_1341;assistant(e) conseiller;assistant(e) conseiller
500;PROFESSION_1_1342;assistant(e) conservateur;assistant(e) conservateur
500;PROFESSION_1_1343;assistant(e) consulaire;assistant(e) consulaire
500;PROFESSION_1_1344;assistant(e) contrôleur;assistant(e) contrôleur
500;PROFESSION_1_1345;assistant(e) d'avocat;assistant(e) d'avocat
500;PROFESSION_1_1346;assistant(e) de caisse;assistant(e) de caisse
500;PROFESSION_1_1347;assistant(e) de direction;assistant(e) de direction
500;PROFESSION_1_1348;assistant(e) de direction bilingue;assistant(e) de direction bilingue
500;PROFESSION_1_1349;assistant(e) de formation;assistant(e) de formation
500;PROFESSION_1_1350;assistant(e) de gestion;assistant(e) de gestion
500;PROFESSION_1_1351;assistant(e) de laboratoire;assistant(e) de laboratoire
500;PROFESSION_1_1352;assistant(e) de piste;assistant(e) de piste
500;PROFESSION_1_1353;assistant(e) de plantation;assistant(e) de plantation
500;PROFESSION_1_1354;assistant(e) de production;assistant(e) de production
500;PROFESSION_1_1355;assistant(e) de programme;assistant(e) de programme
500;PROFESSION_1_1356;assistant(e) de projet;assistant(e) de projet
500;PROFESSION_1_1357;assistant(e) de réalisation;assistant(e) de réalisation
500;PROFESSION_1_1358;assistant(e) de recherche;assistant(e) de recherche
500;PROFESSION_1_1359;assistant(e) de sécurité;assistant(e) de sécurité
500;PROFESSION_1_1360;assistant(e) de transit;assistant(e) de transit
500;PROFESSION_1_1361;assistant(e) de vente;assistant(e) de vente
500;PROFESSION_1_1362;assistant(e) de voyage;assistant(e) de voyage
500;PROFESSION_1_1363;assistant(e) d'éducation;assistant(e) d'éducation
500;PROFESSION_1_1364;assistant(e) d'équipe;assistant(e) d'équipe
500;PROFESSION_1_1365;assistant(e) des greffes;assistant(e) des greffes
500;PROFESSION_1_1366;assistant(e) des pva élevage;assistant(e) des pva élevage
500;PROFESSION_1_1367;assistant(e) d'exploitation;assistant(e) d'exploitation
500;PROFESSION_1_1368;assistant(e) documentaliste;assistant(e) documentaliste
500;PROFESSION_1_1369;assistant(e) du personnel;assistant(e) du personnel
500;PROFESSION_1_1370;assistant(e) d'université;assistant(e) d'université
500;PROFESSION_1_1371;assistant(e) en assurance;assistant(e) en assurance
500;PROFESSION_1_1372;assistant(e) en communication;assistant(e) en communication
500;PROFESSION_1_1373;assistant(e) en gestion;assistant(e) en gestion
500;PROFESSION_1_1374;assistant(e) en logistique;assistant(e) en logistique
500;PROFESSION_1_1375;assistant(e) en marketing;assistant(e) en marketing
500;PROFESSION_1_1376;assistant(e) en ressource humaine;assistant(e) en ressource humaine
500;PROFESSION_1_1377;assistant(e) en sécurité;assistant(e) en sécurité
500;PROFESSION_1_1378;assistant(e) familial;assistant(e) familial
500;PROFESSION_1_1379;assistant(e) financier;assistant(e) financier
500;PROFESSION_1_1380;assistant(e) géographe;assistant(e) géographe
500;PROFESSION_1_1381;assistant(e) géologue;assistant(e) géologue
500;PROFESSION_1_1382;assistant(e) géomètre;assistant(e) géomètre
500;PROFESSION_1_1383;assistant(e) gestionnaire;assistant(e) gestionnaire
500;PROFESSION_1_1384;assistant(e) humanitaire;assistant(e) humanitaire
500;PROFESSION_1_1385;assistant(e) infirmier;assistant(e) infirmier
500;PROFESSION_1_1386;assistant(e) informaticien;assistant(e) informaticien
500;PROFESSION_1_1387;assistant(e) juridique;assistant(e) juridique
500;PROFESSION_1_1388;assistant(e) laboratoire;assistant(e) laboratoire
500;PROFESSION_1_1389;assistant(e) logisticien(ne);assistant(e) logisticien(ne)
500;PROFESSION_1_1390;assistant(e) maitre d'hôtel;assistant(e) maitre d'hôtel
500;PROFESSION_1_1391;assistant(e) manager;assistant(e) manager
500;PROFESSION_1_1392;assistant(e) marketing;assistant(e) marketing
500;PROFESSION_1_1393;assistant(e) maternel;assistant(e) maternel
500;PROFESSION_1_1394;assistant(e) maternel(e);assistant(e) maternel(e)
500;PROFESSION_1_1395;assistant(e) maternel(le);assistant(e) maternel(le)
500;PROFESSION_1_1396;assistant(e) navigation aérienne;assistant(e) navigation aérienne
500;PROFESSION_1_1397;assistant(e) parental(e);assistant(e) parental(e)
500;PROFESSION_1_1398;assistant(e) pre scolaire;assistant(e) pre scolaire
500;PROFESSION_1_1399;assistant(e) production;assistant(e) production
500;PROFESSION_1_1400;assistant(e) programme;assistant(e) programme
500;PROFESSION_1_1401;assistant(e) projet;assistant(e) projet
500;PROFESSION_1_1402;assistant(e) qualité;assistant(e) qualité
500;PROFESSION_1_1403;assistant(e) ressources humaines;assistant(e) ressources humaines
500;PROFESSION_1_1404;assistant(e) sage femme;assistant(e) sage femme
500;PROFESSION_1_1405;assistant(e) sécurité;assistant(e) sécurité
500;PROFESSION_1_1406;assistant(e) social(e);assistant(e) social(e)
500;PROFESSION_1_1407;assistant(e) socio-sanitaire;assistant(e) socio-sanitaire
500;PROFESSION_1_1408;assistant(e) superviseur;assistant(e) superviseur
500;PROFESSION_1_1409;assistant(e) technique;assistant(e) technique
500;PROFESSION_1_1410;assureur;assureur
500;PROFESSION_1_1411;assureur conseil;assureur conseil
500;PROFESSION_1_1412;athlète;athlète
500;PROFESSION_1_1413;attache(e) commercial(e);attache(e) commercial(e)
500;PROFESSION_1_1414;attache(e) culturel(le);attache(e) culturel(le)
500;PROFESSION_1_1415;attache(e) d'ambassade;attache(e) d'ambassade
500;PROFESSION_1_1416;attache(e) de cabinet;attache(e) de cabinet
500;PROFESSION_1_1417;attache(e) de communication;attache(e) de communication
500;PROFESSION_1_1418;attache(e) de direction;attache(e) de direction
500;PROFESSION_1_1419;attache(e) de finance;attache(e) de finance
500;PROFESSION_1_1420;attache(e) de presse;attache(e) de presse
500;PROFESSION_1_1421;attache(e) des services judiciaires;attache(e) des services judiciaires
500;PROFESSION_1_1422;attache(e) du travail;attache(e) du travail
500;PROFESSION_1_1423;attache(e) services judiciaires;attache(e) services judiciaires
500;PROFESSION_1_1424;auditeur(rice);auditeur(rice)
500;PROFESSION_1_1425;auditeur(rice) comptable financier;auditeur(rice) comptable financier
500;PROFESSION_1_1426;auditeur(rice) conseil;auditeur(rice) conseil
500;PROFESSION_1_1427;auditeur(rice) de justice;auditeur(rice) de justice
500;PROFESSION_1_1428;auditeur(rice) interne;auditeur(rice) interne
500;PROFESSION_1_1429;auditeur(rice) marketing;auditeur(rice) marketing
500;PROFESSION_1_1430;auditeur(rice) qualité;auditeur(rice) qualité
500;PROFESSION_1_1431;aumônier;aumônier
500;PROFESSION_1_1432;autoclaviste;autoclaviste
500;PROFESSION_1_1433;automaticien(e);automaticien(e)
500;PROFESSION_1_1434;auxiliaire;auxiliaire
500;PROFESSION_1_1435;auxiliaire comptable;auxiliaire comptable
500;PROFESSION_1_1436;auxiliaire de douane;auxiliaire de douane
500;PROFESSION_1_1437;auxiliaire de justice;auxiliaire de justice
500;PROFESSION_1_1438;auxiliaire de maison;auxiliaire de maison
500;PROFESSION_1_1439;auxiliaire de médecine;auxiliaire de médecine
500;PROFESSION_1_1440;auxiliaire de puériculture;auxiliaire de puériculture
500;PROFESSION_1_1441;auxiliaire de santé;auxiliaire de santé
500;PROFESSION_1_1442;auxiliaire de transport;auxiliaire de transport
500;PROFESSION_1_1443;auxiliaire de vie;auxiliaire de vie
500;PROFESSION_1_1444;auxiliaire en pharmacie;auxiliaire en pharmacie
500;PROFESSION_1_1445;auxiliaire maritime;auxiliaire maritime
500;PROFESSION_1_1446;auxiliaire parental(e);auxiliaire parental(e)
500;PROFESSION_1_1447;auxiliaire préscolaire;auxiliaire préscolaire
500;PROFESSION_1_1448;auxiliaire social(e);auxiliaire social(e)
500;PROFESSION_1_1449;auxiliaire technique;auxiliaire technique
500;PROFESSION_1_1450;aviateur(rice);aviateur(rice)
500;PROFESSION_1_1451;aviculteur(rice);aviculteur(rice)
500;PROFESSION_1_1452;avitailleur(se);avitailleur(se)
500;PROFESSION_1_1453;bagagiste;bagagiste
500;PROFESSION_1_1454;balanceur;balanceur
500;PROFESSION_1_1456;banquier;banquier
500;PROFESSION_1_1457;basculier;basculier
500;PROFESSION_1_1458;basketteur;basketteur
500;PROFESSION_1_1459;batteur(se);batteur(se)
500;PROFESSION_1_1460;bénévole;bénévole
500;PROFESSION_1_1462;betonnier;betonnier
500;PROFESSION_1_1465;bio médecin(ne);bio médecin(ne)
500;PROFESSION_1_1466;biotechnicien(ne);biotechnicien(ne)
500;PROFESSION_1_1467;bobineur(se);bobineur(se)
500;PROFESSION_1_1468;boiseur;boiseur
500;PROFESSION_1_1469;bonnetier;bonnetier
500;PROFESSION_1_1470;bottier;bottier
500;PROFESSION_1_1471;boussolier;boussolier
500;PROFESSION_1_1472;bouvier;bouvier
500;PROFESSION_1_1473;boxeur(se);boxeur(se)
500;PROFESSION_1_1474;boy blanchisseur;boy blanchisseur
500;PROFESSION_1_1475;boy cuisinier;boy cuisinier
500;PROFESSION_1_1476;boy serveur;boy serveur
500;PROFESSION_1_1477;brancardier(e);brancardier(e)
500;PROFESSION_1_1478;brasseur;brasseur
500;PROFESSION_1_1479;briquetier;briquetier
500;PROFESSION_1_1480;brocheur(se);brocheur(se)
500;PROFESSION_1_1481;bronzier(e);bronzier(e)
500;PROFESSION_1_1482;broyeur(se);broyeur(se)
500;PROFESSION_1_1483;buandier(e);buandier(e)
500;PROFESSION_1_1485;câbleur;câbleur
500;PROFESSION_1_1486;caddy;caddy
500;PROFESSION_1_1487;cadre;cadre
500;PROFESSION_1_1488;cadre à la fonction publique;cadre à la fonction publique
500;PROFESSION_1_1489;cadre administratif(ve);cadre administratif(ve)
500;PROFESSION_1_1490;cadre administratif(ve) et commercial(e);cadre administratif(ve) et commercial(e)
500;PROFESSION_1_1491;cadre comptable et financier(e);cadre comptable et financier(e)
500;PROFESSION_1_1492;cadre de banque;cadre de banque
500;PROFESSION_1_1493;cadre de direction;cadre de direction
500;PROFESSION_1_1494;cadre de santé;cadre de santé
500;PROFESSION_1_1495;cadre de sécurité;cadre de sécurité
500;PROFESSION_1_1496;cadre de sécurité sociale;cadre de sécurité sociale
500;PROFESSION_1_1497;cadre de transit;cadre de transit
500;PROFESSION_1_1498;cadre des impôts;cadre des impôts
500;PROFESSION_1_1499;cadre des ressources humaines;cadre des ressources humaines
500;PROFESSION_1_1500;cadre d'exploitation;cadre d'exploitation
500;PROFESSION_1_1501;cadre du trésor;cadre du trésor
500;PROFESSION_1_1502;cadre en communication;cadre en communication
500;PROFESSION_1_1503;cadre gestionnaire;cadre gestionnaire
500;PROFESSION_1_1504;cadre hôtelier(e);cadre hôtelier(e)
500;PROFESSION_1_1505;cadre informaticien(ne);cadre informaticien(ne)
500;PROFESSION_1_1506;cadre logistique;cadre logistique
500;PROFESSION_1_1507;cadre maritime;cadre maritime
500;PROFESSION_1_1508;cadre marketing;cadre marketing
500;PROFESSION_1_1509;cadre portuaire;cadre portuaire
500;PROFESSION_1_1510;cadre ressources humaines;cadre ressources humaines
500;PROFESSION_1_1511;cadre technique;cadre technique
500;PROFESSION_1_1512;cadre télécom;cadre télécom
500;PROFESSION_1_1513;cadreur;cadreur
500;PROFESSION_1_1514;caissier(e);caissier(e)
500;PROFESSION_1_1515;caissier(e) comptable;caissier(e) comptable
500;PROFESSION_1_1516;caissier(e) de banque;caissier(e) de banque
500;PROFESSION_1_1517;caissier(e) d'entreprise;caissier(e) d'entreprise
500;PROFESSION_1_1518;caissier(e) en informatique;caissier(e) en informatique
500;PROFESSION_1_1519;caissier(e) en pharmacie;caissier(e) en pharmacie
500;PROFESSION_1_1520;caissier(e) en supermarche;caissier(e) en supermarche
500;PROFESSION_1_1521;caissier(e) facturier(e);caissier(e) facturier(e)
500;PROFESSION_1_1522;caissier(e) hôtelier(e);caissier(e) hôtelier(e)
500;PROFESSION_1_1523;caissier(e) informaticien(e);caissier(e) informaticien(e)
500;PROFESSION_1_1524;caissier(e) spécialisé(e);caissier(e) spécialisé(e)
500;PROFESSION_1_1525;caissier(e) vendeur(se);caissier(e) vendeur(se)
500;PROFESSION_1_1526;calligraphe;calligraphe
500;PROFESSION_1_1527;calorifugeur(se);calorifugeur(se)
500;PROFESSION_1_1528;cameraman photographe;cameraman photographe
500;PROFESSION_1_1529;cameraman reporter;cameraman reporter
500;PROFESSION_1_1530;camionneur;camionneur
500;PROFESSION_1_1531;cantinier(se);cantinier(se)
500;PROFESSION_1_1532;cantonnier(e);cantonnier(e)
500;PROFESSION_1_1533;cardeur(se);cardeur(se)
500;PROFESSION_1_1534;caricaturiste;caricaturiste
500;PROFESSION_1_1535;cariste;cariste
500;PROFESSION_1_1536;carrossier(e);carrossier(e)
500;PROFESSION_1_1538;cartonneur;cartonneur
500;PROFESSION_1_1539;cassier(e);cassier(e)
500;PROFESSION_1_1540;catéchiste;catéchiste
500;PROFESSION_1_1541;cavalier(e);cavalier(e)
500;PROFESSION_1_1542;caviste;caviste
500;PROFESSION_1_1543;centraliste;centraliste
500;PROFESSION_1_1544;céramiste;céramiste
500;PROFESSION_1_1545;cercleur;cercleur
500;PROFESSION_1_1546;chaineur;chaineur
500;PROFESSION_1_1548;chargé(e) d'accueil;chargé(e) d'accueil
500;PROFESSION_1_1549;chargé(e) d'administration;chargé(e) d'administration
500;PROFESSION_1_1550;chargé(e) de clientèle;chargé(e) de clientèle
500;PROFESSION_1_1551;chargé(e) de commande;chargé(e) de commande
500;PROFESSION_1_1552;chargé(e) de communication;chargé(e) de communication
500;PROFESSION_1_1553;chargé(e) de formation;chargé(e) de formation
500;PROFESSION_1_1554;chargé(e) de gestion;chargé(e) de gestion
500;PROFESSION_1_1555;chargé(e) de mission;chargé(e) de mission
500;PROFESSION_1_1556;chargé(e) de paroisse;chargé(e) de paroisse
500;PROFESSION_1_1557;chargé(e) de production;chargé(e) de production
500;PROFESSION_1_1558;chargé(e) de projet;chargé(e) de projet
500;PROFESSION_1_1559;chargé(e) de promotion;chargé(e) de promotion
500;PROFESSION_1_1560;chargé(e) de protocole;chargé(e) de protocole
500;PROFESSION_1_1561;chargé(e) de sécurité;chargé(e) de sécurité
500;PROFESSION_1_1562;chargé(e) d'entretien;chargé(e) d'entretien
500;PROFESSION_1_1563;chargé(e) des ressources humaines;chargé(e) des ressources humaines
500;PROFESSION_1_1564;chargé(e) d'études;chargé(e) d'études
500;PROFESSION_1_1565;chargé(e) d'études marketing;chargé(e) d'études marketing
500;PROFESSION_1_1566;chargé(e) d'opération;chargé(e) d'opération
500;PROFESSION_1_1567;chargeur;chargeur
500;PROFESSION_1_1568;charretier(e);charretier(e)
500;PROFESSION_1_1569;chaudronnier(e) monteur;chaudronnier(e) monteur
500;PROFESSION_1_1570;chaudronnier(e) soudeur;chaudronnier(e) soudeur
500;PROFESSION_1_1571;chaudronnier(e) traceur;chaudronnier(e) traceur
500;PROFESSION_1_1572;chaudronnier(e) tuyauteur;chaudronnier(e) tuyauteur
500;PROFESSION_1_1573;chauffeur(se);chauffeur(se)
500;PROFESSION_1_1574;chausseur(se);chausseur(se)
500;PROFESSION_1_1575;chef(fe);chef(fe)
500;PROFESSION_1_1576;chef(fe) administratif(ve);chef(fe) administratif(ve)
500;PROFESSION_1_1577;chef(fe) archiviste;chef(fe) archiviste
500;PROFESSION_1_1578;chef(fe) atelier;chef(fe) atelier
500;PROFESSION_1_1579;chef(fe) boucher(e);chef(fe) boucher(e)
500;PROFESSION_1_1580;chef(fe) bouvier(e);chef(fe) bouvier(e)
500;PROFESSION_1_1581;chef(fe) caissier(e);chef(fe) caissier(e)
500;PROFESSION_1_1582;chef(fe) chantier;chef(fe) chantier
500;PROFESSION_1_1583;chef(fe) clientèle;chef(fe) clientèle
500;PROFESSION_1_1584;chef(fe) commercial(e);chef(fe) commercial(e)
500;PROFESSION_1_1585;chef(fe) contrôleur(se);chef(fe) contrôleur(se)
500;PROFESSION_1_1586;chef(fe) d'agence;chef(fe) d'agence
500;PROFESSION_1_1587;chef(fe) d'antenne;chef(fe) d'antenne
500;PROFESSION_1_1588;chef(fe) d'atelier;chef(fe) d'atelier
500;PROFESSION_1_1589;chef(fe) de bord;chef(fe) de bord
500;PROFESSION_1_1590;chef(fe) de bureau;chef(fe) de bureau
500;PROFESSION_1_1591;chef(fe) de cabinet;chef(fe) de cabinet
500;PROFESSION_1_1592;chef(fe) de caisse;chef(fe) de caisse
500;PROFESSION_1_1593;chef(fe) de canton;chef(fe) de canton
500;PROFESSION_1_1594;chef(fe) de centre;chef(fe) de centre
500;PROFESSION_1_1595;chef(fe) de cuisine;chef(fe) de cuisine
500;PROFESSION_1_1596;chef(fe) de departement;chef(fe) de departement
500;PROFESSION_1_1597;chef(fe) de division;chef(fe) de division
500;PROFESSION_1_1598;chef(fe) de fabrication;chef(fe) de fabrication
500;PROFESSION_1_1599;chef(fe) de garage;chef(fe) de garage
500;PROFESSION_1_1600;chef(fe) de gare;chef(fe) de gare
500;PROFESSION_1_1601;chef(fe) de ligne;chef(fe) de ligne
500;PROFESSION_1_1602;chef(fe) de mission;chef(fe) de mission
500;PROFESSION_1_1603;chef(fe) de parc;chef(fe) de parc
500;PROFESSION_1_1604;chef(fe) de personnel;chef(fe) de personnel
500;PROFESSION_1_1605;chef(fe) de piste;chef(fe) de piste
500;PROFESSION_1_1606;chef(fe) de poste;chef(fe) de poste
500;PROFESSION_1_1607;chef(fe) de presse;chef(fe) de presse
500;PROFESSION_1_1608;chef(fe) de production;chef(fe) de production
500;PROFESSION_1_1609;chef(fe) de produit;chef(fe) de produit
500;PROFESSION_1_1610;chef(fe) de projet;chef(fe) de projet
500;PROFESSION_1_1611;chef(fe) de protocole;chef(fe) de protocole
500;PROFESSION_1_1612;chef(fe) de publicité;chef(fe) de publicité
500;PROFESSION_1_1613;chef(fe) de quai;chef(fe) de quai
500;PROFESSION_1_1614;chef(fe) de rang;chef(fe) de rang
500;PROFESSION_1_1615;chef(fe) de rayon;chef(fe) de rayon
500;PROFESSION_1_1616;chef(fe) de scierie;chef(fe) de scierie
500;PROFESSION_1_1617;chef(fe) de secteur;chef(fe) de secteur
500;PROFESSION_1_1618;chef(fe) de section;chef(fe) de section
500;PROFESSION_1_1619;chef(fe) de sécurité;chef(fe) de sécurité
500;PROFESSION_1_1620;chef(fe) de service;chef(fe) de service
500;PROFESSION_1_1621;chef(fe) de site;chef(fe) de site
500;PROFESSION_1_1622;chef(fe) de société;chef(fe) de société
500;PROFESSION_1_1623;chef(fe) de station;chef(fe) de station
500;PROFESSION_1_1624;chef(fe) de vente;chef(fe) de vente
500;PROFESSION_1_1625;chef(fe) de zone;chef(fe) de zone
500;PROFESSION_1_1626;chef(fe) d'entretien;chef(fe) d'entretien
500;PROFESSION_1_1627;chef(fe) d'équipe;chef(fe) d'équipe
500;PROFESSION_1_1628;chef(fe) des opérations;chef(fe) des opérations
500;PROFESSION_1_1629;chef(fe) d'escale;chef(fe) d'escale
500;PROFESSION_1_1630;chef(fe) d'établissement;chef(fe) d'établissement
500;PROFESSION_1_1631;chef(fe) d'état civil;chef(fe) d'état civil
500;PROFESSION_1_1632;chef(fe) d'exploitation;chef(fe) d'exploitation
500;PROFESSION_1_1633;chef(fe) du personnel;chef(fe) du personnel
500;PROFESSION_1_1634;chef(fe) d'unite;chef(fe) d'unite
500;PROFESSION_1_1635;chef(fe) d'usine;chef(fe) d'usine
500;PROFESSION_1_1636;chef(fe) machiniste;chef(fe) machiniste
500;PROFESSION_1_1637;chef(fe) maçon;chef(fe) maçon
500;PROFESSION_1_1638;chef(fe) magasinier;chef(fe) magasinier
500;PROFESSION_1_1639;chef(fe) manoeuvre;chef(fe) manoeuvre
500;PROFESSION_1_1640;chef(fe) mécanicien;chef(fe) mécanicien
500;PROFESSION_1_1641;chef(fe) operateur;chef(fe) operateur
500;PROFESSION_1_1642;chef(fe) ouvrier;chef(fe) ouvrier
500;PROFESSION_1_1643;chef(fe) pâtissier;chef(fe) pâtissier
500;PROFESSION_1_1644;chef(fe) pompiste;chef(fe) pompiste
500;PROFESSION_1_1645;chef(fe) religieux;chef(fe) religieux
500;PROFESSION_1_1646;chef(fe) technique;chef(fe) technique
500;PROFESSION_1_1647;chef(fe) tôlier;chef(fe) tôlier
500;PROFESSION_1_1649;chirurgien(ne) dentiste;chirurgien(ne) dentiste
500;PROFESSION_1_1650;chômeur(se);chômeur(se)
500;PROFESSION_1_1651;choriste;choriste
500;PROFESSION_1_1652;ciassier(e);ciassier(e)
500;PROFESSION_1_1653;cinéaste;cinéaste
500;PROFESSION_1_1655;clarificateur;clarificateur
500;PROFESSION_1_1656;classeur(se);classeur(se)
500;PROFESSION_1_1657;clerc;clerc
500;PROFESSION_1_1658;clerc formaliste;clerc formaliste
500;PROFESSION_1_1659;clerc huissier de justice;clerc huissier de justice
500;PROFESSION_1_1660;clerc notaire;clerc notaire
500;PROFESSION_1_1661;clerc principal;clerc principal
500;PROFESSION_1_1662;clergé religieux;clergé religieux
500;PROFESSION_1_1663;climaticien(ne);climaticien(ne)
500;PROFESSION_1_1664;coach;coach
500;PROFESSION_1_1665;coffreur(se);coffreur(se)
500;PROFESSION_1_1666;co-gérant(e);co-gérant(e)
500;PROFESSION_1_1668;coiffeur(se) esthéticien(ne);coiffeur(se) esthéticien(ne)
500;PROFESSION_1_1669;coliseur;coliseur
500;PROFESSION_1_1670;collaborateur(rice) d'architecte;collaborateur(rice) d'architecte
500;PROFESSION_1_1671;collaborateur(rice) d'avocat;collaborateur(rice) d'avocat
500;PROFESSION_1_1672;collaborateur(rice) d'huissier;collaborateur(rice) d'huissier
500;PROFESSION_1_1673;collecteur;collecteur
500;PROFESSION_1_1674;coloriste;coloriste
500;PROFESSION_1_1675;comedien(ne);comedien(ne)
500;PROFESSION_1_1676;commercial(e);commercial(e)
500;PROFESSION_1_1677;commis;commis
500;PROFESSION_1_1679;commissionnaire;commissionnaire
500;PROFESSION_1_1680;communicateur(rice);communicateur(rice)
500;PROFESSION_1_1681;concasseur;concasseur
500;PROFESSION_1_1682;concepteur(rice);concepteur(rice)
500;PROFESSION_1_1683;concepteur(rice) redacteur(rice);concepteur(rice) redacteur(rice)
500;PROFESSION_1_1684;concessionnaire;concessionnaire
500;PROFESSION_1_1685;conditionneur;conditionneur
500;PROFESSION_1_1686;conducteur(rice);conducteur(rice)
500;PROFESSION_1_1687;conseiler(e) pédagogique;conseiler(e) pédagogique
500;PROFESSION_1_1688;conseiller(e);conseiller(e)
500;PROFESSION_1_1689;conseiller(e) action culturelle;conseiller(e) action culturelle
500;PROFESSION_1_1690;conseiller(e) administratif(ve);conseiller(e) administratif(ve)
500;PROFESSION_1_1691;conseiller(e) bancaire;conseiller(e) bancaire
500;PROFESSION_1_1692;conseiller(e) client;conseiller(e) client
500;PROFESSION_1_1693;conseiller(e) coges;conseiller(e) coges
500;PROFESSION_1_1694;conseiller(e) communautaire;conseiller(e) communautaire
500;PROFESSION_1_1695;conseiller(e) culturel(le);conseiller(e) culturel(le)
500;PROFESSION_1_1696;conseiller(e) d'ambassade;conseiller(e) d'ambassade
500;PROFESSION_1_1697;conseiller(e) d'apprentissage;conseiller(e) d'apprentissage
500;PROFESSION_1_1698;conseiller(e) de direction;conseiller(e) de direction
500;PROFESSION_1_1699;conseiller(e) d'éducation;conseiller(e) d'éducation
500;PROFESSION_1_1700;conseiller(e) d'entreprise;conseiller(e) d'entreprise
500;PROFESSION_1_1701;conseiller(e) d'inspection;conseiller(e) d'inspection
500;PROFESSION_1_1702;conseiller(e) d'orientation;conseiller(e) d'orientation
500;PROFESSION_1_1703;conseiller(e) économique et social;conseiller(e) économique et social
500;PROFESSION_1_1704;conseiller(e) en alphabétisation;conseiller(e) en alphabétisation
500;PROFESSION_1_1705;conseiller(e) en assurance;conseiller(e) en assurance
500;PROFESSION_1_1706;conseiller(e) en communication;conseiller(e) en communication
500;PROFESSION_1_1707;conseiller(e) en emploi;conseiller(e) en emploi
500;PROFESSION_1_1708;conseiller(e) en formation;conseiller(e) en formation
500;PROFESSION_1_1709;conseiller(e) en gestion;conseiller(e) en gestion
500;PROFESSION_1_1710;conseiller(e) en santé;conseiller(e) en santé
500;PROFESSION_1_1711;conseiller(e) en vente;conseiller(e) en vente
500;PROFESSION_1_1712;conseiller(e) en voyage;conseiller(e) en voyage
500;PROFESSION_1_1713;conseiller(e) extra-scolaire;conseiller(e) extra-scolaire
500;PROFESSION_1_1714;conseiller(e) financier(e);conseiller(e) financier(e)
500;PROFESSION_1_1715;conseiller(e) fiscal(e);conseiller(e) fiscal(e)
500;PROFESSION_1_1716;conseiller(e) immobilier(e);conseiller(e) immobilier(e)
500;PROFESSION_1_1717;conseiller(e) juridique;conseiller(e) juridique
500;PROFESSION_1_1718;conseiller(e) juridique et fiscal;conseiller(e) juridique et fiscal
500;PROFESSION_1_1719;conseiller(e) marketing;conseiller(e) marketing
500;PROFESSION_1_1720;conseiller(e) médical(e);conseiller(e) médical(e)
500;PROFESSION_1_1721;conseiller(e) ong;conseiller(e) ong
500;PROFESSION_1_1722;conseiller(e) psychologue;conseiller(e) psychologue
500;PROFESSION_1_1723;conseiller(e) regional(e);conseiller(e) regional(e)
500;PROFESSION_1_1724;conseiller(e) spirituel(le);conseiller(e) spirituel(le)
500;PROFESSION_1_1725;conseiller(e) sportif(ve);conseiller(e) sportif(ve)
500;PROFESSION_1_1726;conseiller(e) technique;conseiller(e) technique
500;PROFESSION_1_1727;conseiller(e) vie scolaire;conseiller(e) vie scolaire
500;PROFESSION_1_1728;conservateur(rice) archiviste;conservateur(rice) archiviste
500;PROFESSION_1_1729;conservateur(rice) de bibliothèque;conservateur(rice) de bibliothèque
500;PROFESSION_1_1730;conservateur(rice) de musee;conservateur(rice) de musee
500;PROFESSION_1_1731;conservateur(rice) documentaliste;conservateur(rice) documentaliste
500;PROFESSION_1_1732;constructeur(rice);constructeur(rice)
500;PROFESSION_1_1733;constructeur(rice) bâtiment;constructeur(rice) bâtiment
500;PROFESSION_1_1734;constructeur(rice) mecanique;constructeur(rice) mecanique
500;PROFESSION_1_1735;constructeur(rice) metallique;constructeur(rice) metallique
500;PROFESSION_1_1736;constructeur(rice) naval;constructeur(rice) naval
500;PROFESSION_1_1737;consultant(e);consultant(e)
500;PROFESSION_1_1738;consultant(e) agricole;consultant(e) agricole
500;PROFESSION_1_1739;consultant(e) commercial(le);consultant(e) commercial(le)
500;PROFESSION_1_1740;consultant(e) comptable;consultant(e) comptable
500;PROFESSION_1_1741;consultant(e) en assurance;consultant(e) en assurance
500;PROFESSION_1_1742;consultant(e) en communication;consultant(e) en communication
500;PROFESSION_1_1743;consultant(e) en droit;consultant(e) en droit
500;PROFESSION_1_1744;consultant(e) en économie;consultant(e) en économie
500;PROFESSION_1_1745;consultant(e) en finance;consultant(e) en finance
500;PROFESSION_1_1746;consultant(e) en gestion;consultant(e) en gestion
500;PROFESSION_1_1747;consultant(e) en informatique;consultant(e) en informatique
500;PROFESSION_1_1748;consultant(e) en management;consultant(e) en management
500;PROFESSION_1_1749;consultant(e) en marketing;consultant(e) en marketing
500;PROFESSION_1_1750;consultant(e) en projet;consultant(e) en projet
500;PROFESSION_1_1751;consultant(e) en ressources humaines;consultant(e) en ressources humaines
500;PROFESSION_1_1752;consultant(e) en sécurité;consultant(e) en sécurité
500;PROFESSION_1_1753;consultant(e) financier(e);consultant(e) financier(e)
500;PROFESSION_1_1754;consultant(e) foncier;consultant(e) foncier
500;PROFESSION_1_1755;consultant(e) formateur;consultant(e) formateur
500;PROFESSION_1_1756;consultant(e) international(e);consultant(e) international(e)
500;PROFESSION_1_1757;consultant(e) juridique;consultant(e) juridique
500;PROFESSION_1_1758;consultant(e) logistique;consultant(e) logistique
500;PROFESSION_1_1759;consultant(e) maritime;consultant(e) maritime
500;PROFESSION_1_1760;consultant(e) sportif(ve);consultant(e) sportif(ve)
500;PROFESSION_1_1761;consultant(e) technique;consultant(e) technique
500;PROFESSION_1_1762;contractuel(le);contractuel(le)
500;PROFESSION_1_1763;contremaitre;contremaitre
500;PROFESSION_1_1764;contrôleur(se);contrôleur(se)
500;PROFESSION_1_1765;contrôleur(se) aérien;contrôleur(se) aérien
500;PROFESSION_1_1766;contrôleur(se) affaires maritimes;contrôleur(se) affaires maritimes
500;PROFESSION_1_1767;contrôleur(se) analyseur;contrôleur(se) analyseur
500;PROFESSION_1_1768;contrôleur(se) auditeur;contrôleur(se) auditeur
500;PROFESSION_1_1769;contrôleur(se) automobile;contrôleur(se) automobile
500;PROFESSION_1_1770;contrôleur(se) budgetaire;contrôleur(se) budgetaire
500;PROFESSION_1_1771;contrôleur(se) comptable;contrôleur(se) comptable
500;PROFESSION_1_1772;contrôleur(se) de douane;contrôleur(se) de douane
500;PROFESSION_1_1773;contrôleur(se) de gestion;contrôleur(se) de gestion
500;PROFESSION_1_1774;contrôleur(se) de produit;contrôleur(se) de produit
500;PROFESSION_1_1775;contrôleur(se) de qualité;contrôleur(se) de qualité
500;PROFESSION_1_1776;contrôleur(se) de sécurité;contrôleur(se) de sécurité
500;PROFESSION_1_1777;contrôleur(se) de stock;contrôleur(se) de stock
500;PROFESSION_1_1778;contrôleur(se) des impôts;contrôleur(se) des impôts
500;PROFESSION_1_1779;contrôleur(se) des services financiers;contrôleur(se) des services financiers
500;PROFESSION_1_1780;contrôleur(se) du trésor;contrôleur(se) du trésor
500;PROFESSION_1_1781;contrôleur(se) financier(e);contrôleur(se) financier(e)
500;PROFESSION_1_1782;contrôleur(se) interne;contrôleur(se) interne
500;PROFESSION_1_1783;contrôleur(se) pénitentiaire;contrôleur(se) pénitentiaire
500;PROFESSION_1_1784;contrôleur(se) qualité;contrôleur(se) qualité
500;PROFESSION_1_1785;contrôleur(se) sécurité;contrôleur(se) sécurité
500;PROFESSION_1_1786;convoyeur(se);convoyeur(se)
500;PROFESSION_1_1787;cooperant(se);cooperant(se)
500;PROFESSION_1_1788;coordinateur(rice);coordinateur(rice)
500;PROFESSION_1_1789;coordinateur(rice) de projet;coordinateur(rice) de projet
500;PROFESSION_1_1790;coordinateur(rice) logistique;coordinateur(rice) logistique
500;PROFESSION_1_1791;coordonnier(e);coordonnier(e)
500;PROFESSION_1_1792;corps habille;corps habille
500;PROFESSION_1_1793;cosmeticien(ne);cosmeticien(ne)
500;PROFESSION_1_1794;cosmetologue;cosmetologue
500;PROFESSION_1_1795;coupeur(se);coupeur(se)
500;PROFESSION_1_1796;coursier(e);coursier(e)
500;PROFESSION_1_1797;courtier(e);courtier(e)
500;PROFESSION_1_1798;couturier(e);couturier(e)
500;PROFESSION_1_1799;couturier(e) brodeur(se);couturier(e) brodeur(se)
500;PROFESSION_1_1800;couturier(e) industriel(le);couturier(e) industriel(le)
500;PROFESSION_1_1801;couturier(e) modéliste;couturier(e) modéliste
500;PROFESSION_1_1802;couturier(e) styliste;couturier(e) styliste
500;PROFESSION_1_1803;couturier(e) styliste modéliste;couturier(e) styliste modéliste
500;PROFESSION_1_1804;cremier(e);cremier(e)
500;PROFESSION_1_1805;croupier(e);croupier(e)
500;PROFESSION_1_1806;cubeur;cubeur
500;PROFESSION_1_1807;cuiseur(se);cuiseur(se)
500;PROFESSION_1_1808;cuisinier(e) d'état;cuisinier(e) d'état
500;PROFESSION_1_1809;cuisinier(e) marin;cuisinier(e) marin
500;PROFESSION_1_1810;cuisinier(e) pâtissier;cuisinier(e) pâtissier
500;PROFESSION_1_1811;cuisinier(e) professionnel(e);cuisinier(e) professionnel(e)
500;PROFESSION_1_1812;cure;cure
500;PROFESSION_1_1813;cycliste;cycliste
500;PROFESSION_1_1814;dactyloscopiste;dactyloscopiste
500;PROFESSION_1_1815;débarqueur;débarqueur
500;PROFESSION_1_1816;déchargeur;déchargeur
500;PROFESSION_1_1817;décorateur(rice);décorateur(rice)
500;PROFESSION_1_1818;décorateur(rice) peintre;décorateur(rice) peintre
500;PROFESSION_1_1819;décortiqueur;décortiqueur
500;PROFESSION_1_1820;délégué(e);délégué(e)
500;PROFESSION_1_1821;délégué(e) administratif(ve);délégué(e) administratif(ve)
500;PROFESSION_1_1822;délégué(e) bio-médical(e);délégué(e) bio-médical(e)
500;PROFESSION_1_1823;délégué(e) commercial(e);délégué(e) commercial(e)
500;PROFESSION_1_1824;délégué(e) culturel(e);délégué(e) culturel(e)
500;PROFESSION_1_1825;délégué(e) environnemental(e);délégué(e) environnemental(e)
500;PROFESSION_1_1826;délégué(e) financier(e);délégué(e) financier(e)
500;PROFESSION_1_1827;délégué(e) médical(e);délégué(e) médical(e)
500;PROFESSION_1_1828;déligneur;déligneur
500;PROFESSION_1_1829;démarcheur(se);démarcheur(se)
500;PROFESSION_1_1830;dépanneur(se);dépanneur(se)
500;PROFESSION_1_1831;dépositaire;dépositaire
500;PROFESSION_1_1832;dépoteur(se);dépoteur(se)
500;PROFESSION_1_1833;député;député
500;PROFESSION_1_1834;dérouleur;dérouleur
500;PROFESSION_1_1835;designer;designer
500;PROFESSION_1_1836;dessinateur bâtiment;dessinateur bâtiment
500;PROFESSION_1_1837;dessinateur industriel;dessinateur industriel
500;PROFESSION_1_1838;dessinateur topographe;dessinateur topographe
500;PROFESSION_1_1839;détaillant(e);détaillant(e)
500;PROFESSION_1_1840;détective;détective
500;PROFESSION_1_1841;diamantaire;diamantaire
500;PROFESSION_1_1842;dieseliste;dieseliste
500;PROFESSION_1_1843;diplomate;diplomate
500;PROFESSION_1_1864;disquaire;disquaire
500;PROFESSION_1_1865;distributeur;distributeur
500;PROFESSION_1_1866;docker chauffeur;docker chauffeur
500;PROFESSION_1_1867;docker transitaire;docker transitaire
500;PROFESSION_1_1868;docteur;docteur
500;PROFESSION_1_1869;docteur en chimie;docteur en chimie
500;PROFESSION_1_1870;docteur en informatique;docteur en informatique
500;PROFESSION_1_1871;docteur en médecine;docteur en médecine
500;PROFESSION_1_1872;docteur en pharmacie;docteur en pharmacie
500;PROFESSION_1_1873;docteur en theologie;docteur en theologie
500;PROFESSION_1_1874;docteur ingénieur;docteur ingénieur
500;PROFESSION_1_1875;docteur vétérinaire;docteur vétérinaire
500;PROFESSION_1_1876;doctorant;doctorant
500;PROFESSION_1_1877;domestique;domestique
500;PROFESSION_1_1878;dragueur;dragueur
500;PROFESSION_1_1879;dresseur de chien;dresseur de chien
500;PROFESSION_1_1880;ébéniste décorateur;ébéniste décorateur
500;PROFESSION_1_1881;ébéniste menuisier;ébéniste menuisier
500;PROFESSION_1_1882;ébéniste sculpteur;ébéniste sculpteur
500;PROFESSION_1_1883;éboueur;éboueur
500;PROFESSION_1_1884;échafaudeur(euse);échafaudeur(euse)
500;PROFESSION_1_1885;échantillonneur;échantillonneur
500;PROFESSION_1_1886;éclairagiste;éclairagiste
500;PROFESSION_1_1887;écologiste;écologiste
500;PROFESSION_1_1888;écologue;écologue
500;PROFESSION_1_1889;économe;économe
500;PROFESSION_1_1890;économiste de gestion;économiste de gestion
500;PROFESSION_1_1891;économiste de la santé;économiste de la santé
500;PROFESSION_1_1892;économiste d'entreprise;économiste d'entreprise
500;PROFESSION_1_1893;économiste du bâtiment;économiste du bâtiment
500;PROFESSION_1_1894;économiste financier;économiste financier
500;PROFESSION_1_1895;économiste retraite;économiste retraite
500;PROFESSION_1_1896;économiste statisticien(ne);économiste statisticien(ne)
500;PROFESSION_1_1897;écorceur;écorceur
500;PROFESSION_1_1898;écrivain;écrivain
500;PROFESSION_1_1899;editeur(rice);editeur(rice)
500;PROFESSION_1_1900;éducateur(rice);éducateur(rice)
500;PROFESSION_1_1901;éducateur(rice) religieux(se);éducateur(rice) religieux(se)
500;PROFESSION_1_1902;éducateur(rice) routier(e);éducateur(rice) routier(e)
500;PROFESSION_1_1903;éducateur(rice) spécialisé(e);éducateur(rice) spécialisé(e)
500;PROFESSION_1_1904;éducateur(rice) sportif(ve);éducateur(rice) sportif(ve)
500;PROFESSION_1_1905;égreneur(se);égreneur(se)
500;PROFESSION_1_1906;élagueur(se);élagueur(se)
500;PROFESSION_1_1907;électricien(ne);électricien(ne)
500;PROFESSION_1_1908;électricien(ne) bâtiment;électricien(ne) bâtiment
500;PROFESSION_1_1909;électricien(ne) bobineur;électricien(ne) bobineur
500;PROFESSION_1_1910;électricien(ne) en froid;électricien(ne) en froid
500;PROFESSION_1_1911;électricien(ne) industrie(e);électricien(ne) industrie(e)
500;PROFESSION_1_1912;électricien(ne) plombier;électricien(ne) plombier
500;PROFESSION_1_1913;électricien(ne) rebobineur;électricien(ne) rebobineur
500;PROFESSION_1_1914;électricien(ne) réparateur;électricien(ne) réparateur
500;PROFESSION_1_1915;électricien(ne) réseau;électricien(ne) réseau
500;PROFESSION_1_1916;électro frigoriste;électro frigoriste
500;PROFESSION_1_1917;électro informaticien(ne);électro informaticien(ne)
500;PROFESSION_1_1918;électronicien(ne);électronicien(ne)
500;PROFESSION_1_1919;électronicien(ne)-auto;électronicien(ne)-auto
500;PROFESSION_1_1920;électro-technicien(ne);électro-technicien(ne)
500;PROFESSION_1_1921;élève coiffeur(se);élève coiffeur(se)
500;PROFESSION_1_1922;élève électricien(ne);élève électricien(ne)
500;PROFESSION_1_1923;élève électronicien(ne);élève électronicien(ne)
500;PROFESSION_1_1924;élève ferronnier;élève ferronnier
500;PROFESSION_1_1925;élève frigoriste;élève frigoriste
500;PROFESSION_1_1926;élève machiniste;élève machiniste
500;PROFESSION_1_1927;élève maçon;élève maçon
500;PROFESSION_1_1928;élève mécanicien(ne);élève mécanicien(ne)
500;PROFESSION_1_1929;élève menuisier;élève menuisier
500;PROFESSION_1_1930;élève peintre;élève peintre
500;PROFESSION_1_1931;élève plombier;élève plombier
500;PROFESSION_1_1932;élève rebobineur(se);élève rebobineur(se)
500;PROFESSION_1_1933;élève scieur;élève scieur
500;PROFESSION_1_1934;élève soudeur;élève soudeur
500;PROFESSION_1_1935;élève tapissier(e);élève tapissier(e)
500;PROFESSION_1_1936;élève tôlier;élève tôlier
500;PROFESSION_1_1937;élève-gbaka;élève-gbaka
500;PROFESSION_1_1938;éleveur;éleveur
500;PROFESSION_1_1939;emballeur;emballeur
500;PROFESSION_1_1940;emboiteur;emboiteur
500;PROFESSION_1_1941;empileur;empileur
500;PROFESSION_1_1942;emplisseur;emplisseur
500;PROFESSION_1_1943;employé(e);employé(e)
500;PROFESSION_1_1944;employé(e) civil(e);employé(e) civil(e)
500;PROFESSION_1_1945;employé(e) de banque;employé(e) de banque
500;PROFESSION_1_1946;employé(e) de bureau;employé(e) de bureau
500;PROFESSION_1_1947;employé(e) de commerce;employé(e) de commerce
500;PROFESSION_1_1948;employé(e) de maison;employé(e) de maison
500;PROFESSION_1_1949;encadreur(euse);encadreur(euse)
500;PROFESSION_1_1950;encadreur(euse) pédagogique;encadreur(euse) pédagogique
500;PROFESSION_1_1951;encadreur(euse) pénitentiaire;encadreur(euse) pénitentiaire
500;PROFESSION_1_1952;encadreur(euse) sportif(ve);encadreur(euse) sportif(ve)
500;PROFESSION_1_1953;encaisseur;encaisseur
500;PROFESSION_1_1954;encartonneur(se);encartonneur(se)
500;PROFESSION_1_1955;encolleur(se);encolleur(se)
500;PROFESSION_1_1956;energeticien(ne);energeticien(ne)
500;PROFESSION_1_1957;enfouineur;enfouineur
500;PROFESSION_1_1958;enquêteur;enquêteur
500;PROFESSION_1_1959;enregistreur(se);enregistreur(se)
500;PROFESSION_1_1960;ensacheur(se);ensacheur(se)
500;PROFESSION_1_1961;enseignant(e);enseignant(e)
500;PROFESSION_1_1962;enseignant(e) bénévole;enseignant(e) bénévole
500;PROFESSION_1_1963;enseignant(e) chercheur;enseignant(e) chercheur
500;PROFESSION_1_1964;enseignant(e) coranique;enseignant(e) coranique
500;PROFESSION_1_1965;enseignant(e) d'université;enseignant(e) d'université
500;PROFESSION_1_1966;enthologiste;enthologiste
500;PROFESSION_1_1967;entraineur(se);entraineur(se)
500;PROFESSION_1_1968;entrepreneur(e);entrepreneur(e)
500;PROFESSION_1_1969;environnementaliste;environnementaliste
500;PROFESSION_1_1970;épidemiologiste;épidemiologiste
500;PROFESSION_1_1971;équipier;équipier
500;PROFESSION_1_1972;esthéticien(ne);esthéticien(ne)
500;PROFESSION_1_1973;esthéticien(ne) coiffeur(se);esthéticien(ne) coiffeur(se)
500;PROFESSION_1_1974;étanchéiste;étanchéiste
500;PROFESSION_1_1975;étancheur;étancheur
500;PROFESSION_1_1976;étiqueteur(se);étiqueteur(se)
500;PROFESSION_1_1977;évangeliste;évangeliste
500;PROFESSION_1_1978;évangeliste chantre;évangeliste chantre
500;PROFESSION_1_1979;évangeliste missionnaire;évangeliste missionnaire
500;PROFESSION_1_1980;évangeliste pasteur;évangeliste pasteur
500;PROFESSION_1_1981;évêque;évêque
500;PROFESSION_1_1982;expéditeur;expéditeur
500;PROFESSION_1_1983;expert;expert
500;PROFESSION_1_1984;expert automobile;expert automobile
500;PROFESSION_1_1985;expert comptable;expert comptable
500;PROFESSION_1_1986;expert consultant;expert consultant
500;PROFESSION_1_1987;expert en communication;expert en communication
500;PROFESSION_1_1988;expert en environnement;expert en environnement
500;PROFESSION_1_1989;expert en genre;expert en genre
500;PROFESSION_1_1990;expert en sécurité;expert en sécurité
500;PROFESSION_1_1991;expert financier;expert financier
500;PROFESSION_1_1992;expert immobilier;expert immobilier
500;PROFESSION_1_1993;expert maritime;expert maritime
500;PROFESSION_1_1994;expert traducteur;expert traducteur
500;PROFESSION_1_1995;exploitant(e);exploitant(e)
500;PROFESSION_1_1996;exploitant(e) agricole;exploitant(e) agricole
500;PROFESSION_1_1997;exploitant(e) agro pastoral;exploitant(e) agro pastoral
500;PROFESSION_1_1998;exploitant(e) avicole;exploitant(e) avicole
500;PROFESSION_1_1999;exploitant(e) éleveur;exploitant(e) éleveur
500;PROFESSION_1_2000;exploitant(e) minier(e);exploitant(e) minier(e)
500;PROFESSION_1_2001;exploitant(e) petrolier(e);exploitant(e) petrolier(e)
500;PROFESSION_1_2002;exploitant(e) pivot;exploitant(e) pivot
500;PROFESSION_1_2003;exportateur;exportateur
500;PROFESSION_1_2004;extrudeur(se);extrudeur(se)
500;PROFESSION_1_2005;fabricant(e);fabricant(e)
500;PROFESSION_1_2006;façonneur;façonneur
500;PROFESSION_1_2007;facteur;facteur
500;PROFESSION_1_2008;facturier;facturier
500;PROFESSION_1_2009;fanfariste;fanfariste
500;PROFESSION_1_2010;femme au foyer;femme au foyer
500;PROFESSION_1_2011;femme d'affaires;femme d'affaires
500;PROFESSION_1_2012;femme de chambre;femme de chambre
500;PROFESSION_1_2013;femme de charge;femme de charge
500;PROFESSION_1_2014;femme de maison;femme de maison
500;PROFESSION_1_2015;femme de salle;femme de salle
500;PROFESSION_1_2016;femme de service;femme de service
500;PROFESSION_1_2017;femme de voirie;femme de voirie
500;PROFESSION_1_2018;femme d'entretien;femme d'entretien
500;PROFESSION_1_2019;fermier;fermier
500;PROFESSION_1_2021;ferrailleur en bâtiment;ferrailleur en bâtiment
500;PROFESSION_1_2022;ferronnier;ferronnier
500;PROFESSION_1_2023;ferronnier soudeur;ferronnier soudeur
500;PROFESSION_1_2024;féticheur(se);féticheur(se)
500;PROFESSION_1_2025;fileur;fileur
500;PROFESSION_1_2026;fille au foyer;fille au foyer
500;PROFESSION_1_2027;fille de chambre;fille de chambre
500;PROFESSION_1_2028;fille de charge;fille de charge
500;PROFESSION_1_2029;fille de maison;fille de maison
500;PROFESSION_1_2030;fille de ménage;fille de ménage
500;PROFESSION_1_2031;financier(e);financier(e)
500;PROFESSION_1_2032;financier(e) comptable;financier(e) comptable
500;PROFESSION_1_2033;finisseur;finisseur
500;PROFESSION_1_2034;fiscaliste;fiscaliste
500;PROFESSION_1_2035;fleuriste;fleuriste
500;PROFESSION_1_2036;fonctionnaire;fonctionnaire
500;PROFESSION_1_2037;fonctionnaire international(e);fonctionnaire international(e)
500;PROFESSION_1_2038;fondateur;fondateur
500;PROFESSION_1_2039;fondeur;fondeur
500;PROFESSION_1_2040;footballeur(se);footballeur(se)
500;PROFESSION_1_2041;forestier(e);forestier(e)
500;PROFESSION_1_2042;foreur;foreur
500;PROFESSION_1_2043;formaliste;formaliste
500;PROFESSION_1_2044;formateur(rice);formateur(rice)
500;PROFESSION_1_2045;fournisseur;fournisseur
500;PROFESSION_1_2046;fourrier;fourrier
500;PROFESSION_1_2047;fraiseur;fraiseur
500;PROFESSION_1_2048;frigoriste;frigoriste
500;PROFESSION_1_2049;fumiste;fumiste
500;PROFESSION_1_2050;gabier;gabier
500;PROFESSION_1_2051;garagiste;garagiste
500;PROFESSION_1_2052;garçon;garçon
500;PROFESSION_1_2053;garçon de chambre;garçon de chambre
500;PROFESSION_1_2054;garçon de maison;garçon de maison
500;PROFESSION_1_2055;garçon de ménage;garçon de ménage
500;PROFESSION_1_2056;garçon de salle;garçon de salle
500;PROFESSION_1_2057;garde;garde
500;PROFESSION_1_2058;garde arme;garde arme
500;PROFESSION_1_2059;garde de sous préfecture;garde de sous préfecture
500;PROFESSION_1_2060;garde d'enfant;garde d'enfant
500;PROFESSION_1_2061;garde malade;garde malade
500;PROFESSION_1_2062;garde municipal(e);garde municipal(e)
500;PROFESSION_1_2063;garde penitencier(e);garde penitencier(e)
500;PROFESSION_1_2064;garde rapproché;garde rapproché
500;PROFESSION_1_2065;gardien(ne);gardien(ne)
500;PROFESSION_1_2066;gastronome;gastronome
500;PROFESSION_1_2067;geneticien(ne);geneticien(ne)
500;PROFESSION_1_2068;génie mécanicien(ne);génie mécanicien(ne)
500;PROFESSION_1_2069;génie thermicien(ne);génie thermicien(ne)
500;PROFESSION_1_2070;gens de maison;gens de maison
500;PROFESSION_1_2071;géologue;géologue
500;PROFESSION_1_2072;géologue minier;géologue minier
500;PROFESSION_1_2073;géomètre;géomètre
500;PROFESSION_1_2074;géomètre topographe;géomètre topographe
500;PROFESSION_1_2075;géophysicien(ne);géophysicien(ne)
500;PROFESSION_1_2076;géotechnicien(ne);géotechnicien(ne)
500;PROFESSION_1_2077;gérant(e);gérant(e)
500;PROFESSION_1_2078;gérant(e) de société;gérant(e) de société
500;PROFESSION_1_2079;gestionnaire;gestionnaire
500;PROFESSION_1_2080;gestionnaire de crédit;gestionnaire de crédit
500;PROFESSION_1_2081;golfeur;golfeur
500;PROFESSION_1_2082;gouvernant(e);gouvernant(e)
500;PROFESSION_1_2083;graisseur;graisseur
500;PROFESSION_1_2084;graveur;graveur
500;PROFESSION_1_2085;greffeur;greffeur
500;PROFESSION_1_2086;grutier;grutier
500;PROFESSION_1_2087;guérisseur;guérisseur
500;PROFESSION_1_2088;guide religieux;guide religieux
500;PROFESSION_1_2089;guitariste;guitariste
500;PROFESSION_1_2090;halieute;halieute
500;PROFESSION_1_2091;handballeur;handballeur
500;PROFESSION_1_2092;heveaculteur;heveaculteur
500;PROFESSION_1_2093;homme d'affaires;homme d'affaires
500;PROFESSION_1_2094;homme de chambre;homme de chambre
500;PROFESSION_1_2095;homme de dieu;homme de dieu
500;PROFESSION_1_2096;homme de ménage;homme de ménage
500;PROFESSION_1_2097;homme de metier;homme de metier
500;PROFESSION_1_2098;homme de prière;homme de prière
500;PROFESSION_1_2099;homme religieux;homme religieux
500;PROFESSION_1_2100;horloger;horloger
500;PROFESSION_1_2101;hôtelier;hôtelier
500;PROFESSION_1_2103;humanitaire;humanitaire
500;PROFESSION_1_2104;hydraulicien(ne);hydraulicien(ne)
500;PROFESSION_1_2105;hydrogéologue;hydrogéologue
500;PROFESSION_1_2106;hydrographe;hydrographe
500;PROFESSION_1_2107;hydrologue;hydrologue
500;PROFESSION_1_2108;hydromécanicien(ne);hydromécanicien(ne)
500;PROFESSION_1_2109;hygiéniste;hygiéniste
500;PROFESSION_1_2110;illustrateur;illustrateur
500;PROFESSION_1_2111;importateur;importateur
500;PROFESSION_1_2112;infirmier(e) anesthésiste;infirmier(e) anesthésiste
500;PROFESSION_1_2113;infirmier(e) cardiologue;infirmier(e) cardiologue
500;PROFESSION_1_2114;infirmier(e) militaire;infirmier(e) militaire
500;PROFESSION_1_2115;infirmier(e) ophtalmologue;infirmier(e) ophtalmologue
500;PROFESSION_1_2116;infographiste;infographiste
500;PROFESSION_1_2117;informaticien(ne);informaticien(ne)
500;PROFESSION_1_2118;ingénieur;ingénieur
500;PROFESSION_1_2119;ingénieur aéronautique;ingénieur aéronautique
500;PROFESSION_1_2120;ingénieur agro alimentaire;ingénieur agro alimentaire
500;PROFESSION_1_2121;ingénieur agro économiste;ingénieur agro économiste
500;PROFESSION_1_2122;ingénieur agro industriel(le);ingénieur agro industriel(le)
500;PROFESSION_1_2123;ingénieur architecte;ingénieur architecte
500;PROFESSION_1_2124;ingénieur audit;ingénieur audit
500;PROFESSION_1_2125;ingénieur automaticien;ingénieur automaticien
500;PROFESSION_1_2126;ingénieur automobile;ingénieur automobile
500;PROFESSION_1_2127;ingénieur aviation civile;ingénieur aviation civile
500;PROFESSION_1_2128;ingénieur bâtiment;ingénieur bâtiment
500;PROFESSION_1_2129;ingénieur bio médical;ingénieur bio médical
500;PROFESSION_1_2130;ingénieur biochimiste;ingénieur biochimiste
500;PROFESSION_1_2131;ingénieur biologiste;ingénieur biologiste
500;PROFESSION_1_2132;ingénieur chercheur;ingénieur chercheur
500;PROFESSION_1_2133;ingénieur civil(e);ingénieur civil(e)
500;PROFESSION_1_2134;ingénieur commercial(e);ingénieur commercial(e)
500;PROFESSION_1_2135;ingénieur communication;ingénieur communication
500;PROFESSION_1_2136;ingénieur comptable;ingénieur comptable
500;PROFESSION_1_2137;ingénieur concepteur;ingénieur concepteur
500;PROFESSION_1_2138;ingénieur construction;ingénieur construction
500;PROFESSION_1_2139;ingénieur consultant(e);ingénieur consultant(e)
500;PROFESSION_1_2140;ingénieur contrôle qualité;ingénieur contrôle qualité
500;PROFESSION_1_2141;ingénieur d'affaires;ingénieur d'affaires
500;PROFESSION_1_2142;ingénieur d'aviation;ingénieur d'aviation
500;PROFESSION_1_2143;ingénieur de conception;ingénieur de conception
500;PROFESSION_1_2144;ingénieur de production;ingénieur de production
500;PROFESSION_1_2145;ingénieur d'élevage;ingénieur d'élevage
500;PROFESSION_1_2146;ingénieur des eaux et forets;ingénieur des eaux et forets
500;PROFESSION_1_2147;ingénieur des medias;ingénieur des medias
500;PROFESSION_1_2148;ingénieur des techniques;ingénieur des techniques
500;PROFESSION_1_2149;ingénieur des techniques agricoles;ingénieur des techniques agricoles
500;PROFESSION_1_2150;ingénieur des techniques bâtiment;ingénieur des techniques bâtiment
500;PROFESSION_1_2151;ingénieur des techniques commerciales;ingénieur des techniques commerciales
500;PROFESSION_1_2152;ingénieur des techniques d'élevage;ingénieur des techniques d'élevage
500;PROFESSION_1_2153;ingénieur des techniques des medias;ingénieur des techniques des medias
500;PROFESSION_1_2154;ingénieur des techniques des TP;ingénieur des techniques des TP
500;PROFESSION_1_2155;ingénieur des techniques eaux et forets;ingénieur des techniques eaux et forets
500;PROFESSION_1_2156;ingénieur des techniques élevage;ingénieur des techniques élevage
500;PROFESSION_1_2157;ingénieur des techniques forestieres;ingénieur des techniques forestieres
500;PROFESSION_1_2158;ingénieur des techniques media;ingénieur des techniques media
500;PROFESSION_1_2159;ingénieur des techniques sanitaires;ingénieur des techniques sanitaires
500;PROFESSION_1_2160;ingénieur des techniques santé;ingénieur des techniques santé
500;PROFESSION_1_2161;ingénieur des techniques TP;ingénieur des techniques TP
500;PROFESSION_1_2162;ingénieur des travaux publics;ingénieur des travaux publics
500;PROFESSION_1_2163;ingénieur des travaux statistiques;ingénieur des travaux statistiques
500;PROFESSION_1_2164;ingénieur d'étude;ingénieur d'étude
500;PROFESSION_1_2165;ingénieur du génie sanitaire;ingénieur du génie sanitaire
500;PROFESSION_1_2166;ingénieur du son;ingénieur du son
500;PROFESSION_1_2167;ingénieur du tourisme;ingénieur du tourisme
500;PROFESSION_1_2168;ingénieur économiste;ingénieur économiste
500;PROFESSION_1_2169;ingénieur élevage;ingénieur élevage
500;PROFESSION_1_2170;ingénieur en assurance;ingénieur en assurance
500;PROFESSION_1_2171;ingénieur en energetique;ingénieur en energetique
500;PROFESSION_1_2172;ingénieur en organisation;ingénieur en organisation
500;PROFESSION_1_2173;ingénieur energeticien(ne);ingénieur energeticien(ne)
500;PROFESSION_1_2174;ingénieur environnementaliste;ingénieur environnementaliste
500;PROFESSION_1_2175;ingénieur financier(e);ingénieur financier(e)
500;PROFESSION_1_2176;ingénieur financier(e) comptable;ingénieur financier(e) comptable
500;PROFESSION_1_2177;ingénieur généraliste;ingénieur généraliste
500;PROFESSION_1_2178;ingénieur génie chimique;ingénieur génie chimique
500;PROFESSION_1_2179;ingénieur génie électrique;ingénieur génie électrique
500;PROFESSION_1_2180;ingénieur génie industriel;ingénieur génie industriel
500;PROFESSION_1_2181;ingénieur génie logiciel;ingénieur génie logiciel
500;PROFESSION_1_2182;ingénieur génie mecanique;ingénieur génie mecanique
500;PROFESSION_1_2183;ingénieur génie sanitaire;ingénieur génie sanitaire
500;PROFESSION_1_2184;ingénieur géographe;ingénieur géographe
500;PROFESSION_1_2185;ingénieur géomètre;ingénieur géomètre
500;PROFESSION_1_2186;ingénieur halieute;ingénieur halieute
500;PROFESSION_1_2187;ingénieur hydraulicien;ingénieur hydraulicien
500;PROFESSION_1_2188;ingénieur hydraulique;ingénieur hydraulique
500;PROFESSION_1_2189;ingénieur hydrogéologue;ingénieur hydrogéologue
500;PROFESSION_1_2190;ingénieur industriel(le);ingénieur industriel(le)
500;PROFESSION_1_2191;ingénieur informaticien(ne);ingénieur informaticien(ne)
500;PROFESSION_1_2192;ingénieur logisticien(ne);ingénieur logisticien(ne)
500;PROFESSION_1_2193;ingénieur maintenance;ingénieur maintenance
500;PROFESSION_1_2194;ingénieur management;ingénieur management
500;PROFESSION_1_2195;ingénieur maritime;ingénieur maritime
500;PROFESSION_1_2196;ingénieur marketing;ingénieur marketing
500;PROFESSION_1_2197;ingénieur marketing publicité;ingénieur marketing publicité
500;PROFESSION_1_2198;ingénieur petrochimiste;ingénieur petrochimiste
500;PROFESSION_1_2199;ingénieur petrolier;ingénieur petrolier
500;PROFESSION_1_2200;ingénieur polytechnicien(ne);ingénieur polytechnicien(ne)
500;PROFESSION_1_2201;ingénieur procede;ingénieur procede
500;PROFESSION_1_2202;ingénieur projet;ingénieur projet
500;PROFESSION_1_2203;ingénieur qualiticien(ne);ingénieur qualiticien(ne)
500;PROFESSION_1_2204;ingénieur réseau;ingénieur réseau
500;PROFESSION_1_2205;ingénieur ressources humaines;ingénieur ressources humaines
500;PROFESSION_1_2206;ingénieur statisticien(ne) économiste;ingénieur statisticien(ne) économiste
500;PROFESSION_1_2207;ingénieur système;ingénieur système
500;PROFESSION_1_2208;ingénieur technico commercial(e);ingénieur technico commercial(e)
500;PROFESSION_1_2209;ingénieur textile;ingénieur textile
500;PROFESSION_1_2210;ingénieur topographe;ingénieur topographe
500;PROFESSION_1_2211;ingénieur tourisme;ingénieur tourisme
500;PROFESSION_1_2212;ingénieur transport;ingénieur transport
500;PROFESSION_1_2213;ingénieur transport logistique;ingénieur transport logistique
500;PROFESSION_1_2214;ingénieur travaux publics;ingénieur travaux publics
500;PROFESSION_1_2215;ingénieur travaux statistiques;ingénieur travaux statistiques
500;PROFESSION_1_2216;ingénieur urbaniste;ingénieur urbaniste
500;PROFESSION_1_2217;ingénieur zootechnicien(ne);ingénieur zootechnicien(ne)
500;PROFESSION_1_2218;inspecteur(rice);inspecteur(rice)
500;PROFESSION_1_2219;inspecteur(rice) agricole;inspecteur(rice) agricole
500;PROFESSION_1_2220;inspecteur(rice) commercial(e);inspecteur(rice) commercial(e)
500;PROFESSION_1_2221;installateur sanitaire;installateur sanitaire
500;PROFESSION_1_2222;instituteur(rice);instituteur(rice)
500;PROFESSION_1_2223;intendant;intendant
500;PROFESSION_1_2224;intercesseur;intercesseur
500;PROFESSION_1_2225;intermédiaire;intermédiaire
500;PROFESSION_1_2226;intervenant(e);intervenant(e)
500;PROFESSION_1_2227;invalide;invalide
500;PROFESSION_1_2228;inventoriste;inventoriste
500;PROFESSION_1_2229;irrigateur;irrigateur
500;PROFESSION_1_2230;jaugeur;jaugeur
500;PROFESSION_1_2231;jointeur;jointeur
500;PROFESSION_1_2232;joueur(se);joueur(se)
500;PROFESSION_1_2233;journalier(e);journalier(e)
500;PROFESSION_1_2234;juriste;juriste
500;PROFESSION_1_2235;juriste fiscaliste;juriste fiscaliste
500;PROFESSION_1_2236;karateka;karateka
500;PROFESSION_1_2237;laborantin;laborantin
500;PROFESSION_1_2238;laitier(e);laitier(e)
500;PROFESSION_1_2239;lamaneur(se);lamaneur(se)
500;PROFESSION_1_2240;lamineur(se);lamineur(se)
500;PROFESSION_1_2241;lavandier(e);lavandier(e)
500;PROFESSION_1_2242;laveur(euse);laveur(euse)
500;PROFESSION_1_2243;leveur;leveur
500;PROFESSION_1_2244;libéral(e);libéral(e)
500;PROFESSION_1_2245;liftier;liftier
500;PROFESSION_1_2246;linger;linger
500;PROFESSION_1_2247;livreu(se);livreu(se)
500;PROFESSION_1_2248;logisticien(ne);logisticien(ne)
500;PROFESSION_1_2249;mabrier(e);mabrier(e)
500;PROFESSION_1_2250;machiniste;machiniste
500;PROFESSION_1_2251;maçon;maçon
500;PROFESSION_1_2252;magistrat(e);magistrat(e)
500;PROFESSION_1_2253;maintenancier(e);maintenancier(e)
500;PROFESSION_1_2254;maitre assistant;maitre assistant
500;PROFESSION_1_2255;maitre(sse);maitre(sse)
500;PROFESSION_1_2256;majordome;majordome
500;PROFESSION_1_2257;malaxeur(se);malaxeur(se)
500;PROFESSION_1_2258;manager;manager
500;PROFESSION_1_2259;manequin;manequin
500;PROFESSION_1_2260;manipulateur(rice);manipulateur(rice)
500;PROFESSION_1_2261;mannequin;mannequin
500;PROFESSION_1_2262;manoeuvre;manoeuvre
500;PROFESSION_1_2263;manufacturier;manufacturier
500;PROFESSION_1_2264;maquettiste;maquettiste
500;PROFESSION_1_2265;maquilleur(se);maquilleur(se)
500;PROFESSION_1_2266;maraicher(e);maraicher(e)
500;PROFESSION_1_2267;marbriste;marbriste
500;PROFESSION_1_2268;marchand(e);marchand(e)
500;PROFESSION_1_2269;marchiniste;marchiniste
500;PROFESSION_1_2270;mareyeur(se);mareyeur(se)
500;PROFESSION_1_2271;marin;marin
500;PROFESSION_1_2272;marketeur(se);marketeur(se)
500;PROFESSION_1_2273;marmiton;marmiton
500;PROFESSION_1_2274;marqueur(se);marqueur(se)
500;PROFESSION_1_2275;mascoteur;mascoteur
500;PROFESSION_1_2276;massicoteur;massicoteur
500;PROFESSION_1_2277;matrone;matrone
500;PROFESSION_1_2278;mécanicien(ne);mécanicien(ne)
500;PROFESSION_1_2279;mecanographe;mecanographe
500;PROFESSION_1_2286;médecin enseignant;médecin enseignant
500;PROFESSION_1_2290;mediateur(rice);mediateur(rice)
500;PROFESSION_1_2291;medium;medium
500;PROFESSION_1_2292;melangeur(se);melangeur(se)
500;PROFESSION_1_2293;menagère;menagère
500;PROFESSION_1_2294;menuisier aluminium;menuisier aluminium
500;PROFESSION_1_2295;menuisier bâtiment;menuisier bâtiment
500;PROFESSION_1_2296;menuisier charpentier;menuisier charpentier
500;PROFESSION_1_2297;menuisier coffreur;menuisier coffreur
500;PROFESSION_1_2298;menuisier ébéniste;menuisier ébéniste
500;PROFESSION_1_2299;menuisier machiniste;menuisier machiniste
500;PROFESSION_1_2300;menuisier tapissier;menuisier tapissier
500;PROFESSION_1_2301;mercier;mercier
500;PROFESSION_1_2302;mere au foyer;mere au foyer
500;PROFESSION_1_2303;messager(e);messager(e)
500;PROFESSION_1_2304;metallier;metallier
500;PROFESSION_1_2305;métallurgiste;métallurgiste
500;PROFESSION_1_2306;metayer;metayer
500;PROFESSION_1_2307;météorologue;météorologue
500;PROFESSION_1_2308;metreur;metreur
500;PROFESSION_1_2309;meunier;meunier
500;PROFESSION_1_2310;microbiologiste;microbiologiste
500;PROFESSION_1_2311;mineur foreur;mineur foreur
500;PROFESSION_1_2312;mireur;mireur
500;PROFESSION_1_2313;missionnaire;missionnaire
500;PROFESSION_1_2314;modéliste;modéliste
500;PROFESSION_1_2315;modéliste styliste;modéliste styliste
500;PROFESSION_1_2316;moniteur;moniteur
500;PROFESSION_1_2317;moniteur agricole;moniteur agricole
500;PROFESSION_1_2318;monteur;monteur
500;PROFESSION_1_2319;monteur de pylone;monteur de pylone
500;PROFESSION_1_2320;monteur vidéo;monteur vidéo
500;PROFESSION_1_2321;morguier;morguier
500;PROFESSION_1_2322;motoriste;motoriste
500;PROFESSION_1_2323;mouleur;mouleur
500;PROFESSION_1_2324;moulier;moulier
500;PROFESSION_1_2325;moulinier;moulinier
500;PROFESSION_1_2326;mouliste;mouliste
500;PROFESSION_1_2327;muezzin;muezzin
500;PROFESSION_1_2328;museologue;museologue
500;PROFESSION_1_2329;musicologue;musicologue
500;PROFESSION_1_2330;nageur;nageur
500;PROFESSION_1_2331;naturo thérapeute;naturo thérapeute
500;PROFESSION_1_2332;navigateur;navigateur
500;PROFESSION_1_2333;nd;nd
500;PROFESSION_1_2334;negociant;negociant
500;PROFESSION_1_2335;nettoyeur(se);nettoyeur(se)
500;PROFESSION_1_2336;networker;networker
500;PROFESSION_1_2337;notable;notable
500;PROFESSION_1_2338;noueur;noueur
500;PROFESSION_1_2339;nourrice;nourrice
500;PROFESSION_1_2340;observateur;observateur
500;PROFESSION_1_2341;offsetiste;offsetiste
500;PROFESSION_1_2342;operateur(rice);operateur(rice)
500;PROFESSION_1_2343;operateur(rice) sanitaire;operateur(rice) sanitaire
500;PROFESSION_1_2344;operateur(rice) agricole;operateur(rice) agricole
500;PROFESSION_1_2345;operateur(rice) de production;operateur(rice) de production
500;PROFESSION_1_2346;operateur(rice) de saisie;operateur(rice) de saisie
500;PROFESSION_1_2347;operateur(rice) économique;operateur(rice) économique
500;PROFESSION_1_2348;operateur(rice) géomètre;operateur(rice) géomètre
500;PROFESSION_1_2349;operateur(rice) immobilier;operateur(rice) immobilier
500;PROFESSION_1_2350;operateur(rice) industriel;operateur(rice) industriel
500;PROFESSION_1_2351;operateur(rice) machiniste;operateur(rice) machiniste
500;PROFESSION_1_2352;operateur(rice) radio;operateur(rice) radio
500;PROFESSION_1_2353;operateur(rice) socio sanitaire;operateur(rice) socio sanitaire
500;PROFESSION_1_2354;operateur(rice) valise;operateur(rice) valise
500;PROFESSION_1_2355;ophatalmologue;ophatalmologue
500;PROFESSION_1_2356;orfèvre;orfèvre
500;PROFESSION_1_2357;organisateur(rice);organisateur(rice)
500;PROFESSION_1_2358;orpailleur;orpailleur
500;PROFESSION_1_2359;orthophoniste;orthophoniste
500;PROFESSION_1_2360;orthoptiste;orthoptiste
500;PROFESSION_1_2361;ostéopathe;ostéopathe
500;PROFESSION_1_2362;ourdisseur;ourdisseur
500;PROFESSION_1_2363;ouvrier(e);ouvrier(e)
500;PROFESSION_1_2364;ouvrier(e);ouvrier(e)
500;PROFESSION_1_2365;palettiseur(e);palettiseur(e)
500;PROFESSION_1_2366;pareur;pareur
500;PROFESSION_1_2367;parqueteur(se);parqueteur(se)
500;PROFESSION_1_2368;particulier(e);particulier(e)
500;PROFESSION_1_2369;passementier(e);passementier(e)
500;PROFESSION_1_2370;passeur(se);passeur(se)
500;PROFESSION_1_2371;pasteur;pasteur
500;PROFESSION_1_2372;pâtissier(e);pâtissier(e)
500;PROFESSION_1_2373;patron(ne);patron(ne)
500;PROFESSION_1_2374;patrouilleur(se);patrouilleur(se)
500;PROFESSION_1_2375;paysagiste;paysagiste
500;PROFESSION_1_2376;paysan(ne);paysan(ne)
500;PROFESSION_1_2377;pca;pca
500;PROFESSION_1_2378;pdg;pdg
500;PROFESSION_1_2379;pêcheur;pêcheur
500;PROFESSION_1_2380;peintre;peintre
500;PROFESSION_1_2381;pensionnaire;pensionnaire
500;PROFESSION_1_2382;pépiniériste;pépiniériste
500;PROFESSION_1_2383;percepteur(rice);percepteur(rice)
500;PROFESSION_1_2384;percussionniste;percussionniste
500;PROFESSION_1_2385;personnel de maison;personnel de maison
500;PROFESSION_1_2386;peseur;peseur
500;PROFESSION_1_2387;petrisseur(se);petrisseur(se)
500;PROFESSION_1_2388;petrolier(e);petrolier(e)
500;PROFESSION_1_2389;photocopieur;photocopieur
500;PROFESSION_1_2390;photograveur;photograveur
500;PROFESSION_1_2391;photojournaliste;photojournaliste
500;PROFESSION_1_2392;physicien(ne);physicien(ne)
500;PROFESSION_1_2393;phytothérapeute;phytothérapeute
500;PROFESSION_1_2394;pianiste;pianiste
500;PROFESSION_1_2395;pigiste;pigiste
500;PROFESSION_1_2396;pilote;pilote
500;PROFESSION_1_2397;pinassier;pinassier
500;PROFESSION_1_2398;piqueur(se);piqueur(se)
500;PROFESSION_1_2399;piroguier;piroguier
500;PROFESSION_1_2400;pisciculteur(rice);pisciculteur(rice)
500;PROFESSION_1_2401;pisciniste;pisciniste
500;PROFESSION_1_2402;pisteur;pisteur
500;PROFESSION_1_2403;planteur;planteur
500;PROFESSION_1_2404;planton;planton
500;PROFESSION_1_2405;plaquiste;plaquiste
500;PROFESSION_1_2406;plasticien(ne);plasticien(ne)
500;PROFESSION_1_2407;plastiqueur;plastiqueur
500;PROFESSION_1_2408;plâtrier(e);plâtrier(e)
500;PROFESSION_1_2409;pneumaticien(ne);pneumaticien(ne)
500;PROFESSION_1_2410;pointeur(se);pointeur(se)
500;PROFESSION_1_2411;politologue;politologue
500;PROFESSION_1_2412;pompier;pompier
500;PROFESSION_1_2413;porteur(se);porteur(se)
500;PROFESSION_1_2414;portier(e);portier(e)
500;PROFESSION_1_2415;portuaire;portuaire
500;PROFESSION_1_2416;poseur;poseur
500;PROFESSION_1_2417;postier;postier
500;PROFESSION_1_2418;potager(e);potager(e)
500;PROFESSION_1_2419;pouspoussier;pouspoussier
500;PROFESSION_1_2420;précepteur(rice);précepteur(rice)
500;PROFESSION_1_2421;precollecteur;precollecteur
500;PROFESSION_1_2422;predicateur;predicateur
500;PROFESSION_1_2423;préparateur(rice);préparateur(rice)
500;PROFESSION_1_2424;préparateur(rice) de commande;préparateur(rice) de commande
500;PROFESSION_1_2425;préposé(e);préposé(e)
500;PROFESSION_1_2426;président(e);président(e)
500;PROFESSION_1_2427;président(e) du conseil d'administration;président(e) du conseil d'administration
500;PROFESSION_1_2428;presseur(se);presseur(se)
500;PROFESSION_1_2429;prestateur(rice);prestateur(rice)
500;PROFESSION_1_2430;prêtre(sse);prêtre(sse)
500;PROFESSION_1_2431;prevensionniste;prevensionniste
500;PROFESSION_1_2432;producteur(rice);producteur(rice)
500;PROFESSION_1_2433;professeur;professeur
500;PROFESSION_1_2434;programateur(rice);programateur(rice)
500;PROFESSION_1_2435;projeteur(se);projeteur(se)
500;PROFESSION_1_2436;prometteur;prometteur
500;PROFESSION_1_2437;prophète(sse);prophète(sse)
500;PROFESSION_1_2438;prospecteur;prospecteur
500;PROFESSION_1_2439;prothésiste;prothésiste
500;PROFESSION_1_2440;protocole;protocole
500;PROFESSION_1_2441;psychothérapeute;psychothérapeute
500;PROFESSION_1_2442;publiciste;publiciste
500;PROFESSION_1_2443;puericulteur(rice);puericulteur(rice)
500;PROFESSION_1_2444;puisatier(e);puisatier(e)
500;PROFESSION_1_2445;pupitreur(se);pupitreur(se)
500;PROFESSION_1_2446;qualiticien(ne);qualiticien(ne)
500;PROFESSION_1_2447;rabatteur(se);rabatteur(se)
500;PROFESSION_1_2448;radiateuriste;radiateuriste
500;PROFESSION_1_2449;radiologiste;radiologiste
500;PROFESSION_1_2450;radiologue;radiologue
500;PROFESSION_1_2451;raffineur(se);raffineur(se)
500;PROFESSION_1_2452;ramasseur(se);ramasseur(se)
500;PROFESSION_1_2453;ratisseur(se);ratisseur(se)
500;PROFESSION_1_2454;rayonniiste;rayonniiste
500;PROFESSION_1_2455;réalisateur(rice) web;réalisateur(rice) web
500;PROFESSION_1_2456;rebobineur;rebobineur
500;PROFESSION_1_2457;reboiseur(se);reboiseur(se)
500;PROFESSION_1_2458;receptioniste;receptioniste
500;PROFESSION_1_2459;receveur;receveur
500;PROFESSION_1_2460;recloteur;recloteur
500;PROFESSION_1_2461;recouvreur(se);recouvreur(se)
500;PROFESSION_1_2462;recycleur(se);recycleur(se)
500;PROFESSION_1_2463;redacteur(rice);redacteur(rice)
500;PROFESSION_1_2464;regarnisseur;regarnisseur
500;PROFESSION_1_2465;regisseur(se);regisseur(se)
500;PROFESSION_1_2466;régleur(se);régleur(se)
500;PROFESSION_1_2467;regulateur(rice);regulateur(rice)
500;PROFESSION_1_2468;relais communautaire;relais communautaire
500;PROFESSION_1_2469;relieur(se);relieur(se)
500;PROFESSION_1_2470;religieux(se);religieux(se)
500;PROFESSION_1_2471;réparateur(rice);réparateur(rice)
500;PROFESSION_1_2472;repetiteur(rice);repetiteur(rice)
500;PROFESSION_1_2473;reporter;reporter
500;PROFESSION_1_2474;reporter cameraman;reporter cameraman
500;PROFESSION_1_2475;reporter photographe;reporter photographe
500;PROFESSION_1_2476;représentant(e) commecial(e);représentant(e) commecial(e)
500;PROFESSION_1_2477;représentant(e) médical(e);représentant(e) médical(e)
500;PROFESSION_1_2478;reprograhe;reprograhe
500;PROFESSION_1_2479;responsable;responsable
500;PROFESSION_1_2480;restaurateur(rice);restaurateur(rice)
500;PROFESSION_1_2481;revendeur(se);revendeur(se)
500;PROFESSION_1_2482;reviseur comptable;reviseur comptable
500;PROFESSION_1_2483;riziculteur(rice);riziculteur(rice)
500;PROFESSION_1_2484;rondier(e);rondier(e)
500;PROFESSION_1_2485;rotinier(e);rotinier(e)
500;PROFESSION_1_2486;routier(e);routier(e)
500;PROFESSION_1_2487;rugbyman;rugbyman
500;PROFESSION_1_2488;sableur(se);sableur(se)
500;PROFESSION_1_2489;sacrificateur(rice);sacrificateur(rice)
500;PROFESSION_1_2490;sacristain;sacristain
500;PROFESSION_1_2491;sage femme anesthésiste;sage femme anesthésiste
500;PROFESSION_1_2492;sage femme spécialisée;sage femme spécialisée
500;PROFESSION_1_2493;saigneur(se);saigneur(se)
500;PROFESSION_1_2494;saisonnier(e);saisonnier(e)
500;PROFESSION_1_2495;sauveteur(se);sauveteur(se)
500;PROFESSION_1_2496;savonnier(e);savonnier(e)
500;PROFESSION_1_2497;scaphandrier;scaphandrier
500;PROFESSION_1_2498;scientifique;scientifique
500;PROFESSION_1_2499;scieur(se);scieur(se)
500;PROFESSION_1_2500;secheur(se);secheur(se)
500;PROFESSION_1_2501;secouriste;secouriste
500;PROFESSION_1_2502;secrectaire;secrectaire
500;PROFESSION_1_2503;seigneur;seigneur
500;PROFESSION_1_2504;sellier(e);sellier(e)
500;PROFESSION_1_2505;semencier;semencier
500;PROFESSION_1_2506;seminariste;seminariste
500;PROFESSION_1_2507;sensibilisateur(rice);sensibilisateur(rice)
500;PROFESSION_1_2508;serigraphe;serigraphe
500;PROFESSION_1_2509;serrurier(e);serrurier(e)
500;PROFESSION_1_2510;servant(e);servant(e)
500;PROFESSION_1_2511;serveur(e);serveur(e)
500;PROFESSION_1_2512;serviteur de dieu;serviteur de dieu
500;PROFESSION_1_2513;siropier;siropier
500;PROFESSION_1_2514;socio économiste;socio économiste
500;PROFESSION_1_2515;soigneur(e);soigneur(e)
500;PROFESSION_1_2516;sondeur(se);sondeur(se)
500;PROFESSION_1_2517;sous collecteur(rice);sous collecteur(rice)
500;PROFESSION_1_2518;sous directeur(rice);sous directeur(rice)
500;PROFESSION_1_2519;sous gérant(e);sous gérant(e)
500;PROFESSION_1_2520;sous préfet;sous préfet
500;PROFESSION_1_2521;sous traitant(e);sous traitant(e)
500;PROFESSION_1_2522;sportif(ve);sportif(ve)
500;PROFESSION_1_2523;staffeur(se);staffeur(se)
500;PROFESSION_1_2524;standardiste;standardiste
500;PROFESSION_1_2525;statisticien(ne);statisticien(ne)
500;PROFESSION_1_2526;statisticien(ne) économiste;statisticien(ne) économiste
500;PROFESSION_1_2527;steno dactylo;steno dactylo
500;PROFESSION_1_2528;storiste;storiste
500;PROFESSION_1_2529;stratifieur(se);stratifieur(se)
500;PROFESSION_1_2530;styliste;styliste
500;PROFESSION_1_2531;styliste modéliste;styliste modéliste
500;PROFESSION_1_2532;supersiveur;supersiveur
500;PROFESSION_1_2533;superviseur d'entrepot;superviseur d'entrepot
500;PROFESSION_1_2534;surveillant(e);surveillant(e)
500;PROFESSION_1_2535;surveillant(e) pénitentiaire;surveillant(e) pénitentiaire
500;PROFESSION_1_2536;sylviculteur(rice);sylviculteur(rice)
500;PROFESSION_1_2537;syndicaliste;syndicaliste
500;PROFESSION_1_2538;tacheron(ne);tacheron(ne)
500;PROFESSION_1_2539;tailleur(se);tailleur(se)
500;PROFESSION_1_2540;tamiseur(se);tamiseur(se)
500;PROFESSION_1_2541;tapissier(e) auto;tapissier(e) auto
500;PROFESSION_1_2542;tapissier(e) décorateur(rice);tapissier(e) décorateur(rice)
500;PROFESSION_1_2543;tapissier(e) ébéniste;tapissier(e) ébéniste
500;PROFESSION_1_2544;tapissier(e) menuisier;tapissier(e) menuisier
500;PROFESSION_1_2545;taximètre;taximètre
500;PROFESSION_1_2546;technicien(ne);technicien(ne)
500;PROFESSION_1_2547;technicien(ne) de surface;technicien(ne) de surface
500;PROFESSION_1_2548;télécommunicateur(rice);télécommunicateur(rice)
500;PROFESSION_1_2549;télégraphiste;télégraphiste
500;PROFESSION_1_2550;téléopérateur(rice);téléopérateur(rice)
500;PROFESSION_1_2551;téléphoniste;téléphoniste
500;PROFESSION_1_2552;tennisman;tennisman
500;PROFESSION_1_2553;terrassier(e);terrassier(e)
500;PROFESSION_1_2554;thanatopracteur;thanatopracteur
500;PROFESSION_1_2555;théologien(ne);théologien(ne)
500;PROFESSION_1_2556;thérapeute;thérapeute
500;PROFESSION_1_2557;thermicien(ne);thermicien(ne)
500;PROFESSION_1_2558;tisseur(se);tisseur(se)
500;PROFESSION_1_2559;tôlier;tôlier
500;PROFESSION_1_2560;tôlier mécanicien;tôlier mécanicien
500;PROFESSION_1_2561;tôlier peintre;tôlier peintre
500;PROFESSION_1_2562;tôlier soudeur;tôlier soudeur
500;PROFESSION_1_2563;tondeur(se);tondeur(se)
500;PROFESSION_1_2564;top model;top model
500;PROFESSION_1_2565;topographe;topographe
500;PROFESSION_1_2566;torrefacteur(rice);torrefacteur(rice)
500;PROFESSION_1_2567;tourneur(se);tourneur(se)
500;PROFESSION_1_2568;tourneur-fraiseur;tourneur-fraiseur
500;PROFESSION_1_2569;tourneur-mécanicien;tourneur-mécanicien
500;PROFESSION_1_2570;traceur;traceur
500;PROFESSION_1_2571;tractoriste;tractoriste
500;PROFESSION_1_2572;trader;trader
500;PROFESSION_1_2573;tradipraticien(ne);tradipraticien(ne)
500;PROFESSION_1_2574;traiteur(se);traiteur(se)
500;PROFESSION_1_2575;trancheur(see);trancheur(see)
500;PROFESSION_1_2576;transmetteur(rice);transmetteur(rice)
500;PROFESSION_1_2577;transporteur(se);transporteur(se)
500;PROFESSION_1_2578;travailleur(se);travailleur(se)
500;PROFESSION_1_2579;trésorier(e);trésorier(e)
500;PROFESSION_1_2580;tresseuse;tresseuse
500;PROFESSION_1_2581;trieur(se);trieur(se)
500;PROFESSION_1_2582;tronconneur(se);tronconneur(se)
500;PROFESSION_1_2583;tuilier(se);tuilier(se)
500;PROFESSION_1_2584;turbineur;turbineur
500;PROFESSION_1_2585;tuyauteur(se);tuyauteur(se)
500;PROFESSION_1_2586;typographe;typographe
500;PROFESSION_1_2587;usinier;usinier
500;PROFESSION_1_2588;vacataire;vacataire
500;PROFESSION_1_2589;vaguemestre;vaguemestre
500;PROFESSION_1_2590;valet;valet
500;PROFESSION_1_2591;vanneur(se);vanneur(se)
500;PROFESSION_1_2592;veilleur;veilleur
500;PROFESSION_1_2593;vendeur(se);vendeur(se)
500;PROFESSION_1_2594;verniseur(se);verniseur(se)
500;PROFESSION_1_2595;verrier(e);verrier(e)
500;PROFESSION_1_2596;vétérinaire;vétérinaire
500;PROFESSION_1_2597;vicaire;vicaire
500;PROFESSION_1_2598;vice-consul;vice-consul
500;PROFESSION_1_2599;vice-président(se);vice-président(se)
500;PROFESSION_1_2600;vidangeur(se);vidangeur(se)
500;PROFESSION_1_2601;videaste;videaste
500;PROFESSION_1_2602;vidéographe;vidéographe
500;PROFESSION_1_2603;vidéothéquaire;vidéothéquaire
500;PROFESSION_1_2604;virologue;virologue
500;PROFESSION_1_2605;visionnaire;visionnaire
500;PROFESSION_1_2606;visiteur(se);visiteur(se)
500;PROFESSION_1_2607;viticulteur(rice);viticulteur(rice)
500;PROFESSION_1_2608;voilier;voilier
500;PROFESSION_1_2609;voiturier;voiturier
500;PROFESSION_1_2610;volailler;volailler
500;PROFESSION_1_2611;volontaire;volontaire
500;PROFESSION_1_2612;volontaire humanitaire;volontaire humanitaire
500;PROFESSION_1_2613;volontaire international;volontaire international
500;PROFESSION_1_2614;voyageur, représentant et placier;voyageur, représentant et placier
500;PROFESSION_1_2615;voyagiste;voyagiste
500;PROFESSION_1_2616;voyant(e);voyant(e)
500;PROFESSION_1_2617;vulganisateur;vulganisateur
500;PROFESSION_1_2618;webdesigner;webdesigner
500;PROFESSION_1_2619;webmarketeur;webmarketeur
500;PROFESSION_1_2620;webmaster;webmaster
500;PROFESSION_1_2621;zootechnicien(ne);zootechnicien(ne)
500;PROFESSION_1_2622;adjoint technique de la statistique;adjoint technique de la statistique
500;PROFESSION_1_2623;administrateur du travail et des lois sociales;administrateur du travail et des lois sociales
500;PROFESSION_1_2624;administrateur en chef civil;administrateur en chef civil
500;PROFESSION_1_2625;administrateur en chef des services financiers;administrateur en chef des services financiers
500;PROFESSION_1_2626;administrateur principal des services financiers;administrateur principal des services financiers
500;PROFESSION_1_2627;administrateur principal du travail et des lois sociales;administrateur principal du travail et des lois sociales
500;PROFESSION_1_2628;agent d'hygiène;agent d'hygiène
500;PROFESSION_1_2629;attache social;attache social
500;PROFESSION_1_2630;chargé de rédaction;chargé de rédaction
500;PROFESSION_1_2631;conseiller d'éducation préscolaire et primaire;conseiller d'éducation préscolaire et primaire
500;PROFESSION_1_2632;éducateur préscolaire adjoint;éducateur préscolaire adjoint
500;PROFESSION_1_2633;ingénieur des techniques informatiques;ingénieur des techniques informatiques
500;PROFESSION_1_2634;inspecteur principal option éducation spécialisée;inspecteur principal option éducation spécialisée
500;PROFESSION_1_2635;inspecteur d'éducation spécialisée;inspecteur d'éducation spécialisée
500;PROFESSION_1_2636;inspecteur principal option éducation permanente;inspecteur principal option éducation permanente
500;PROFESSION_1_2637;inspecteur d'orientation;inspecteur d'orientation
500;PROFESSION_1_2638;inspecteur général;inspecteur général
500;PROFESSION_1_2639;inspecteur pédagogique principal;inspecteur pédagogique principal
500;PROFESSION_1_2640;maitre(sse) d'éducation permanente;maitre(sse) d'éducation permanente
500;PROFESSION_1_2641;médecin en chef;médecin en chef
500;PROFESSION_1_2642;préposé interministériel;préposé interministériel
500;PROFESSION_1_2643;secrétaire assistant administratif;secrétaire assistant administratif
500;PROFESSION_1_2644;secrétaire comptable;secrétaire comptable
500;PROFESSION_1_2645;secrétaire des finances;secrétaire des finances
500;PROFESSION_1_2646;technicien supérieur de l'informatique;technicien supérieur de l'informatique
500;PROFESSION_1_2647;technicien supérieur de la communication;technicien supérieur de la communication
500;PROFESSION_1_2648;professeur d'éducation permanente;professeur d'éducation permanente
500;PROFESSION_1_2649;inspecteur principal d'orientation;inspecteur principal d'orientation
500;PROFESSION_1_2650;inspecteur en chef d'orientation;inspecteur en chef d'orientation
500;PROFESSION_1_2651;inspecteur général d'orientation;inspecteur général d'orientation
1;PROFESSION_2382;sans profession;sans profession